time,battery_pct,event,sleep_s
2025-11-25 22:16:17.501814,99.94430555555556,0,500
2025-11-25 22:16:27.501814,99.88861111111112,0,500
2025-11-25 22:16:37.501814,99.83291666666668,0,500
2025-11-25 22:16:47.501814,99.77722222222224,0,500
2025-11-25 22:16:57.501814,99.72152777777778,0,500
2025-11-25 22:17:07.501814,99.66583333333334,0,500
2025-11-25 22:17:17.501814,99.6101388888889,0,500
2025-11-25 22:17:27.501814,99.55444444444446,0,500
2025-11-25 22:17:37.501814,99.49645645645647,1,500
2025-11-25 22:17:47.501814,99.44076201201203,0,500
2025-11-25 22:17:57.501814,99.38506756756759,0,500
2025-11-25 22:18:07.501814,99.32937312312315,0,500
2025-11-25 22:18:17.501814,99.2736786786787,0,500
2025-11-25 22:18:27.501814,99.21798423423425,0,500
2025-11-25 22:18:37.501814,99.16228978978981,0,500
2025-11-25 22:18:47.501814,99.10659534534537,0,500
2025-11-25 22:18:57.501814,99.05090090090093,0,500
2025-11-25 22:19:07.501814,98.99520645645649,0,500
2025-11-25 22:19:17.501814,98.93951201201205,0,500
2025-11-25 22:19:27.501814,98.8838175675676,0,500
2025-11-25 22:19:37.501814,98.82812312312316,0,500
2025-11-25 22:19:47.501814,98.77242867867871,0,500
2025-11-25 22:19:57.501814,98.71673423423427,0,500
2025-11-25 22:20:07.501814,98.66103978978983,0,500
2025-11-25 22:20:17.501814,98.60534534534538,0,500
2025-11-25 22:20:27.501814,98.54965090090094,0,500
2025-11-25 22:20:37.501814,98.4939564564565,0,500
2025-11-25 22:20:47.501814,98.43826201201206,0,500
2025-11-25 22:20:57.501814,98.38256756756762,0,500
2025-11-25 22:21:07.501814,98.32687312312316,0,500
2025-11-25 22:21:17.501814,98.27117867867872,0,500
2025-11-25 22:21:27.501814,98.21548423423428,0,500
2025-11-25 22:21:37.501814,98.15978978978984,0,500
2025-11-25 22:21:47.501814,98.1040953453454,0,500
2025-11-25 22:21:57.501814,98.04840090090096,0,500
2025-11-25 22:22:07.501814,97.99270645645652,0,500
2025-11-25 22:22:17.501814,97.93701201201208,0,500
2025-11-25 22:22:27.501814,97.88131756756762,0,500
2025-11-25 22:22:37.501814,97.82562312312318,0,500
2025-11-25 22:22:47.501814,97.76992867867874,0,500
2025-11-25 22:22:57.501814,97.71194069069075,1,500
2025-11-25 22:23:07.501814,97.65395270270277,1,500
2025-11-25 22:23:17.501814,97.59596471471478,1,500
2025-11-25 22:23:27.501814,97.5379767267268,1,500
2025-11-25 22:23:37.501814,97.4799887387388,1,500
2025-11-25 22:23:47.501814,97.42200075075081,1,500
2025-11-25 22:23:57.501814,97.36401276276283,1,500
2025-11-25 22:24:07.501814,97.30602477477484,1,500
2025-11-25 22:24:17.501814,97.24803678678684,1,500
2025-11-25 22:24:27.501814,97.19004879879886,1,500
2025-11-25 22:24:37.501814,97.13206081081086,1,500
2025-11-25 22:24:47.501814,97.07636636636641,0,500
2025-11-25 22:24:57.501814,97.02067192192197,0,500
2025-11-25 22:25:07.501814,96.96497747747753,0,500
2025-11-25 22:25:17.501814,96.90928303303309,0,500
2025-11-25 22:25:27.501814,96.85358858858865,0,500
2025-11-25 22:25:37.501814,96.79789414414421,0,500
2025-11-25 22:25:47.501814,96.74219969969975,0,500
2025-11-25 22:25:57.501814,96.68650525525533,0,500
2025-11-25 22:26:07.501814,96.63081081081089,0,500
2025-11-25 22:26:17.501814,96.57511636636644,0,500
2025-11-25 22:26:27.501814,96.519421921922,0,500
2025-11-25 22:26:37.501814,96.46372747747756,0,500
2025-11-25 22:26:47.501814,96.40573948948956,1,500
2025-11-25 22:26:57.501814,96.34775150150158,1,500
2025-11-25 22:27:07.501814,96.28976351351358,1,500
2025-11-25 22:27:17.501814,96.23177552552559,1,500
2025-11-25 22:27:27.501814,96.1737875375376,1,500
2025-11-25 22:27:37.501814,96.11579954954962,1,500
2025-11-25 22:27:47.501814,96.05781156156162,1,500
2025-11-25 22:27:57.501814,96.00211711711718,0,500
2025-11-25 22:28:07.501814,95.94642267267274,0,500
2025-11-25 22:28:17.501814,95.8907282282283,0,500
2025-11-25 22:28:27.501814,95.83503378378386,0,500
2025-11-25 22:28:37.501814,95.77933933933942,0,500
2025-11-25 22:28:47.501814,95.72364489489497,0,500
2025-11-25 22:28:57.501814,95.66795045045053,0,500
2025-11-25 22:29:07.501814,95.61225600600609,0,500
2025-11-25 22:29:17.501814,95.55656156156165,0,500
2025-11-25 22:29:27.501814,95.50086711711721,0,500
2025-11-25 22:29:37.501814,95.44517267267277,0,500
2025-11-25 22:29:47.501814,95.38718468468477,1,500
2025-11-25 22:29:57.501814,95.32919669669678,1,500
2025-11-25 22:30:07.501814,95.27120870870878,1,500
2025-11-25 22:30:17.501814,95.2132207207208,1,500
2025-11-25 22:30:27.501814,95.15752627627636,0,500
2025-11-25 22:30:37.501814,95.10183183183192,0,500
2025-11-25 22:30:47.501814,95.04613738738747,0,500
2025-11-25 22:30:57.501814,94.99044294294303,0,500
2025-11-25 22:31:07.501814,94.93474849849859,0,500
2025-11-25 22:31:17.501814,94.87905405405415,0,500
2025-11-25 22:31:27.501814,94.8233596096097,0,500
2025-11-25 22:31:37.501814,94.76766516516525,0,500
2025-11-25 22:31:47.501814,94.71197072072081,0,500
2025-11-25 22:31:57.501814,94.65627627627637,0,500
2025-11-25 22:32:07.501814,94.59828828828839,1,500
2025-11-25 22:32:17.501814,94.54259384384395,0,500
2025-11-25 22:32:27.501814,94.4868993993995,0,500
2025-11-25 22:32:37.501814,94.43120495495506,0,500
2025-11-25 22:32:47.501814,94.37551051051062,0,500
2025-11-25 22:32:57.501814,94.31981606606618,0,500
2025-11-25 22:33:07.501814,94.26412162162173,0,500
2025-11-25 22:33:17.501814,94.20842717717728,0,500
2025-11-25 22:33:27.501814,94.15273273273284,0,500
2025-11-25 22:33:37.501814,94.0970382882884,0,500
2025-11-25 22:33:47.501814,94.04134384384396,0,500
2025-11-25 22:33:57.501814,93.98564939939952,0,500
2025-11-25 22:34:07.501814,93.92995495495508,0,500
2025-11-25 22:34:17.501814,93.87426051051064,0,500
2025-11-25 22:34:27.501814,93.81856606606618,0,500
2025-11-25 22:34:37.501814,93.76287162162174,0,500
2025-11-25 22:34:47.501814,93.7071771771773,0,500
2025-11-25 22:34:57.501814,93.65148273273286,0,500
2025-11-25 22:35:07.501814,93.59349474474486,1,500
2025-11-25 22:35:17.501814,93.53550675675689,1,500
2025-11-25 22:35:27.501814,93.4775187687689,1,500
2025-11-25 22:35:37.501814,93.42182432432445,0,500
2025-11-25 22:35:47.501814,93.36612987988,0,500
2025-11-25 22:35:57.501814,93.31043543543556,0,500
2025-11-25 22:36:07.501814,93.25474099099112,0,500
2025-11-25 22:36:17.501814,93.19904654654668,0,500
2025-11-25 22:36:27.501814,93.14335210210224,0,500
2025-11-25 22:36:37.501814,93.0876576576578,0,500
2025-11-25 22:36:47.501814,93.03196321321336,0,500
2025-11-25 22:36:57.501814,92.9762687687689,0,500
2025-11-25 22:37:07.501814,92.92057432432446,0,500
2025-11-25 22:37:17.501814,92.86487987988002,0,500
2025-11-25 22:37:27.501814,92.80918543543558,0,500
2025-11-25 22:37:37.501814,92.75349099099114,0,500
2025-11-25 22:37:47.501814,92.6977965465467,0,500
2025-11-25 22:37:57.501814,92.64210210210226,0,500
2025-11-25 22:38:07.501814,92.58640765765782,0,500
2025-11-25 22:38:17.501814,92.53071321321336,0,500
2025-11-25 22:38:27.501814,92.47501876876892,0,500
2025-11-25 22:38:37.501814,92.41932432432448,0,500
2025-11-25 22:38:47.501814,92.36362987988004,0,500
2025-11-25 22:38:57.501814,92.3079354354356,0,500
2025-11-25 22:39:07.501814,92.25224099099115,0,500
2025-11-25 22:39:17.501814,92.19654654654671,0,500
2025-11-25 22:39:27.501814,92.14085210210227,0,500
2025-11-25 22:39:37.501814,92.08515765765782,0,500
2025-11-25 22:39:47.501814,92.02946321321338,0,500
2025-11-25 22:39:57.501814,91.97376876876893,0,500
2025-11-25 22:40:07.501814,91.9180743243245,0,500
2025-11-25 22:40:17.501814,91.86237987988005,0,500
2025-11-25 22:40:27.501814,91.80668543543561,0,500
2025-11-25 22:40:37.501814,91.75099099099117,0,500
2025-11-25 22:40:47.501814,91.69529654654673,0,500
2025-11-25 22:40:57.501814,91.63960210210227,0,500
2025-11-25 22:41:07.501814,91.58390765765783,0,500
2025-11-25 22:41:17.501814,91.52821321321339,0,500
2025-11-25 22:41:27.501814,91.47251876876895,0,500
2025-11-25 22:41:37.501814,91.41682432432451,0,500
2025-11-25 22:41:47.501814,91.36112987988007,0,500
2025-11-25 22:41:57.501814,91.30543543543563,0,500
2025-11-25 22:42:07.501814,91.24974099099119,0,500
2025-11-25 22:42:17.501814,91.19404654654673,0,500
2025-11-25 22:42:27.501814,91.13835210210229,0,500
2025-11-25 22:42:37.501814,91.08265765765785,0,500
2025-11-25 22:42:47.501814,91.02696321321342,0,500
2025-11-25 22:42:57.501814,90.97126876876898,0,500
2025-11-25 22:43:07.501814,90.91557432432454,0,500
2025-11-25 22:43:17.501814,90.85987987988008,0,500
2025-11-25 22:43:27.501814,90.80418543543564,0,500
2025-11-25 22:43:37.501814,90.7484909909912,0,500
2025-11-25 22:43:47.501814,90.69279654654676,0,500
2025-11-25 22:43:57.501814,90.63710210210232,0,500
2025-11-25 22:44:07.501814,90.58140765765788,0,500
2025-11-25 22:44:17.501814,90.52571321321344,0,500
2025-11-25 22:44:27.501814,90.470018768769,0,500
2025-11-25 22:44:37.501814,90.41432432432455,0,500
2025-11-25 22:44:47.501814,90.3586298798801,0,500
2025-11-25 22:44:57.501814,90.30293543543566,0,500
2025-11-25 22:45:07.501814,90.24724099099122,0,500
2025-11-25 22:45:17.501814,90.19154654654677,0,500
2025-11-25 22:45:27.501814,90.13585210210233,0,500
2025-11-25 22:45:37.501814,90.07786411411433,1,500
2025-11-25 22:45:47.501814,90.01987612612635,1,500
2025-11-25 22:45:57.501814,89.96188813813836,1,500
2025-11-25 22:46:07.501814,89.90390015015038,1,500
2025-11-25 22:46:17.501814,89.84591216216239,1,500
2025-11-25 22:46:27.501814,89.78792417417439,1,500
2025-11-25 22:46:37.501814,89.73222972972995,0,500
2025-11-25 22:46:47.501814,89.67653528528551,0,500
2025-11-25 22:46:57.501814,89.62084084084107,0,500
2025-11-25 22:47:07.501814,89.56514639639663,0,500
2025-11-25 22:47:17.501814,89.50945195195217,0,500
2025-11-25 22:47:27.501814,89.45375750750773,0,500
2025-11-25 22:47:37.501814,89.39806306306329,0,500
2025-11-25 22:47:47.501814,89.34236861861885,0,500
2025-11-25 22:47:57.501814,89.28438063063086,1,500
2025-11-25 22:48:07.501814,89.22639264264288,1,500
2025-11-25 22:48:17.501814,89.16840465465489,1,500
2025-11-25 22:48:27.501814,89.1104166666669,1,500
2025-11-25 22:48:37.501814,89.05242867867891,1,500
2025-11-25 22:48:47.501814,88.99444069069092,1,500
2025-11-25 22:48:57.501814,88.93645270270292,1,500
2025-11-25 22:49:07.501814,88.87846471471494,1,500
2025-11-25 22:49:17.501814,88.82047672672695,1,500
2025-11-25 22:49:27.501814,88.76248873873897,1,500
2025-11-25 22:49:37.501814,88.70450075075097,1,500
2025-11-25 22:49:47.501814,88.64651276276298,1,500
2025-11-25 22:49:57.501814,88.588524774775,1,500
2025-11-25 22:50:07.501814,88.53053678678701,1,500
2025-11-25 22:50:17.501814,88.47254879879901,1,500
2025-11-25 22:50:27.501814,88.41456081081103,1,500
2025-11-25 22:50:37.501814,88.35657282282303,1,500
2025-11-25 22:50:47.501814,88.29858483483505,1,500
2025-11-25 22:50:57.501814,88.24059684684707,1,500
2025-11-25 22:51:07.501814,88.18260885885907,1,500
2025-11-25 22:51:17.501814,88.12462087087108,1,500
2025-11-25 22:51:27.501814,88.06663288288308,1,500
2025-11-25 22:51:37.501814,88.0086448948951,1,500
2025-11-25 22:51:47.501814,87.95295045045066,0,500
2025-11-25 22:51:57.501814,87.89725600600622,0,500
2025-11-25 22:52:07.501814,87.84156156156178,0,500
2025-11-25 22:52:17.501814,87.78586711711733,0,500
2025-11-25 22:52:27.501814,87.7301726726729,0,500
2025-11-25 22:52:37.501814,87.67447822822845,0,500
2025-11-25 22:52:47.501814,87.61878378378401,0,500
2025-11-25 22:52:57.501814,87.56308933933956,0,500
2025-11-25 22:53:07.501814,87.50739489489511,0,500
2025-11-25 22:53:17.501814,87.45170045045067,0,500
2025-11-25 22:53:27.501814,87.39600600600623,0,500
2025-11-25 22:53:37.501814,87.34031156156179,0,500
2025-11-25 22:53:47.501814,87.28461711711735,0,500
2025-11-25 22:53:57.501814,87.22892267267291,0,500
2025-11-25 22:54:07.501814,87.17322822822847,0,500
2025-11-25 22:54:17.501814,87.11753378378401,0,500
2025-11-25 22:54:27.501814,87.06183933933957,0,500
2025-11-25 22:54:37.501814,87.00614489489513,0,500
2025-11-25 22:54:47.501814,86.95045045045069,0,500
2025-11-25 22:54:57.501814,86.89475600600625,0,500
2025-11-25 22:55:07.501814,86.8390615615618,0,500
2025-11-25 22:55:17.501814,86.78336711711736,0,500
2025-11-25 22:55:27.501814,86.72767267267292,0,500
2025-11-25 22:55:37.501814,86.67197822822847,0,500
2025-11-25 22:55:47.501814,86.61628378378403,0,500
2025-11-25 22:55:57.501814,86.56058933933959,0,500
2025-11-25 22:56:07.501814,86.50489489489514,0,500
2025-11-25 22:56:17.501814,86.44690690690716,1,500
2025-11-25 22:56:27.501814,86.39121246246272,0,500
2025-11-25 22:56:37.501814,86.33551801801828,0,500
2025-11-25 22:56:47.501814,86.27982357357384,0,500
2025-11-25 22:56:57.501814,86.2241291291294,0,500
2025-11-25 22:57:07.501814,86.1661411411414,1,500
2025-11-25 22:57:17.501814,86.10815315315341,1,500
2025-11-25 22:57:27.501814,86.05016516516542,1,500
2025-11-25 22:57:37.501814,85.99217717717742,1,500
2025-11-25 22:57:47.501814,85.93418918918945,1,500
2025-11-25 22:57:57.501814,85.87620120120145,1,500
2025-11-25 22:58:07.501814,85.81821321321347,1,500
2025-11-25 22:58:17.501814,85.76251876876903,0,500
2025-11-25 22:58:27.501814,85.70682432432459,0,500
2025-11-25 22:58:37.501814,85.65112987988014,0,500
2025-11-25 22:58:47.501814,85.59543543543569,0,500
2025-11-25 22:58:57.501814,85.53974099099125,0,500
2025-11-25 22:59:07.501814,85.48404654654681,0,500
2025-11-25 22:59:17.501814,85.42835210210237,0,500
2025-11-25 22:59:27.501814,85.37265765765792,0,500
2025-11-25 22:59:37.501814,85.31696321321348,0,500
2025-11-25 22:59:47.501814,85.26126876876904,0,500
2025-11-25 22:59:57.501814,85.2055743243246,0,500
2025-11-25 23:00:07.501814,85.14987987988015,0,500
2025-11-25 23:00:17.501814,85.0941854354357,0,500
2025-11-25 23:00:27.501814,85.03849099099126,0,500
2025-11-25 23:00:37.501814,84.98279654654682,0,500
2025-11-25 23:00:47.501814,84.92710210210238,0,500
2025-11-25 23:00:57.501814,84.87140765765794,0,500
2025-11-25 23:01:07.501814,84.8157132132135,0,500
2025-11-25 23:01:17.501814,84.76001876876906,0,500
2025-11-25 23:01:27.501814,84.7043243243246,0,500
2025-11-25 23:01:37.501814,84.64862987988016,0,500
2025-11-25 23:01:47.501814,84.59293543543572,0,500
2025-11-25 23:01:57.501814,84.53724099099128,0,500
2025-11-25 23:02:07.501814,84.48154654654684,0,500
2025-11-25 23:02:17.501814,84.4258521021024,0,500
2025-11-25 23:02:27.501814,84.37015765765796,0,500
2025-11-25 23:02:37.501814,84.31446321321351,0,500
2025-11-25 23:02:47.501814,84.25876876876906,0,500
2025-11-25 23:02:57.501814,84.20078078078109,1,500
2025-11-25 23:03:07.501814,84.14279279279309,1,500
2025-11-25 23:03:17.501814,84.0848048048051,1,500
2025-11-25 23:03:27.501814,84.02681681681712,1,500
2025-11-25 23:03:37.501814,83.97112237237268,0,500
2025-11-25 23:03:47.501814,83.91542792792823,0,500
2025-11-25 23:03:57.501814,83.8597334834838,0,500
2025-11-25 23:04:07.501814,83.80403903903935,0,500
2025-11-25 23:04:17.501814,83.7483445945949,0,500
2025-11-25 23:04:27.501814,83.69265015015046,0,500
2025-11-25 23:04:37.501814,83.63695570570601,0,500
2025-11-25 23:04:47.501814,83.58126126126157,0,500
2025-11-25 23:04:57.501814,83.52556681681713,0,500
2025-11-25 23:05:07.501814,83.46987237237269,0,500
2025-11-25 23:05:17.501814,83.41417792792825,0,500
2025-11-25 23:05:27.501814,83.35848348348381,0,500
2025-11-25 23:05:37.501814,83.30278903903935,0,500
2025-11-25 23:05:47.501814,83.24709459459491,0,500
2025-11-25 23:05:57.501814,83.19140015015047,0,500
2025-11-25 23:06:07.501814,83.13570570570603,0,500
2025-11-25 23:06:17.501814,83.08001126126159,0,500
2025-11-25 23:06:27.501814,83.02431681681715,0,500
2025-11-25 23:06:37.501814,82.9686223723727,0,500
2025-11-25 23:06:47.501814,82.91292792792827,0,500
2025-11-25 23:06:57.501814,82.85723348348381,0,500
2025-11-25 23:07:07.501814,82.80153903903937,0,500
2025-11-25 23:07:17.501814,82.74584459459493,0,500
2025-11-25 23:07:27.501814,82.69015015015049,0,500
2025-11-25 23:07:37.501814,82.63445570570605,0,500
2025-11-25 23:07:47.501814,82.5787612612616,0,500
2025-11-25 23:07:57.501814,82.52306681681716,0,500
2025-11-25 23:08:07.501814,82.46737237237272,0,500
2025-11-25 23:08:17.501814,82.41167792792827,0,500
2025-11-25 23:08:27.501814,82.35598348348383,0,500
2025-11-25 23:08:37.501814,82.30028903903938,0,500
2025-11-25 23:08:47.501814,82.24459459459494,0,500
2025-11-25 23:08:57.501814,82.1889001501505,0,500
2025-11-25 23:09:07.501814,82.13320570570606,0,500
2025-11-25 23:09:17.501814,82.07751126126162,0,500
2025-11-25 23:09:27.501814,82.02181681681718,0,500
2025-11-25 23:09:37.501814,81.96612237237272,0,500
2025-11-25 23:09:47.501814,81.91042792792828,0,500
2025-11-25 23:09:57.501814,81.85473348348384,0,500
2025-11-25 23:10:07.501814,81.7990390390394,0,500
2025-11-25 23:10:17.501814,81.74334459459496,0,500
2025-11-25 23:10:27.501814,81.68765015015052,0,500
2025-11-25 23:10:37.501814,81.63195570570608,0,500
2025-11-25 23:10:47.501814,81.57626126126164,0,500
2025-11-25 23:10:57.501814,81.52056681681718,0,500
2025-11-25 23:11:07.501814,81.46487237237275,0,500
2025-11-25 23:11:17.501814,81.40917792792831,0,500
2025-11-25 23:11:27.501814,81.35348348348387,0,500
2025-11-25 23:11:37.501814,81.29778903903943,0,500
2025-11-25 23:11:47.501814,81.24209459459499,0,500
2025-11-25 23:11:57.501814,81.18640015015053,0,500
2025-11-25 23:12:07.501814,81.13070570570609,0,500
2025-11-25 23:12:17.501814,81.07501126126165,0,500
2025-11-25 23:12:27.501814,81.01931681681721,0,500
2025-11-25 23:12:37.501814,80.96362237237277,0,500
2025-11-25 23:12:47.501814,80.90792792792833,0,500
2025-11-25 23:12:57.501814,80.85223348348389,0,500
2025-11-25 23:13:07.501814,80.79653903903944,0,500
2025-11-25 23:13:17.501814,80.74084459459499,0,500
2025-11-25 23:13:27.501814,80.68515015015055,0,500
2025-11-25 23:13:37.501814,80.6294557057061,0,500
2025-11-25 23:13:47.501814,80.57376126126167,0,500
2025-11-25 23:13:57.501814,80.51806681681722,0,500
2025-11-25 23:14:07.501814,80.46237237237278,0,500
2025-11-25 23:14:17.501814,80.40438438438478,1,500
2025-11-25 23:14:27.501814,80.3463963963968,1,500
2025-11-25 23:14:37.501814,80.29070195195236,0,500
2025-11-25 23:14:47.501814,80.23500750750792,0,500
2025-11-25 23:14:57.501814,80.17931306306347,0,500
2025-11-25 23:15:07.501814,80.12361861861903,0,500
2025-11-25 23:15:17.501814,80.06792417417459,0,500
2025-11-25 23:15:27.501814,80.01222972973014,0,500
2025-11-25 23:15:37.501814,79.9565352852857,0,500
2025-11-25 23:15:47.501814,79.90084084084125,0,500
2025-11-25 23:15:57.501814,79.84514639639681,0,500
2025-11-25 23:16:07.501814,79.78945195195237,0,500
2025-11-25 23:16:17.501814,79.73375750750793,0,500
2025-11-25 23:16:27.501814,79.67806306306349,0,500
2025-11-25 23:16:37.501814,79.62236861861905,0,500
2025-11-25 23:16:47.501814,79.56667417417461,0,500
2025-11-25 23:16:57.501814,79.51097972973015,0,500
2025-11-25 23:17:07.501814,79.45528528528571,0,500
2025-11-25 23:17:17.501814,79.39959084084127,0,500
2025-11-25 23:17:27.501814,79.34389639639683,0,500
2025-11-25 23:17:37.501814,79.28820195195239,0,500
2025-11-25 23:17:47.501814,79.23250750750795,0,500
2025-11-25 23:17:57.501814,79.1768130630635,0,500
2025-11-25 23:18:07.501814,79.12111861861905,0,500
2025-11-25 23:18:17.501814,79.06542417417461,0,500
2025-11-25 23:18:27.501814,79.00972972973017,0,500
2025-11-25 23:18:37.501814,78.95403528528574,0,500
2025-11-25 23:18:47.501814,78.8983408408413,0,500
2025-11-25 23:18:57.501814,78.84264639639686,0,500
2025-11-25 23:19:07.501814,78.78695195195242,0,500
2025-11-25 23:19:17.501814,78.73125750750796,0,500
2025-11-25 23:19:27.501814,78.67556306306352,0,500
2025-11-25 23:19:37.501814,78.61986861861908,0,500
2025-11-25 23:19:47.501814,78.56417417417464,0,500
2025-11-25 23:19:57.501814,78.5084797297302,0,500
2025-11-25 23:20:07.501814,78.45278528528576,0,500
2025-11-25 23:20:17.501814,78.39709084084132,0,500
2025-11-25 23:20:27.501814,78.34139639639687,0,500
2025-11-25 23:20:37.501814,78.28570195195242,0,500
2025-11-25 23:20:47.501814,78.23000750750798,0,500
2025-11-25 23:20:57.501814,78.17431306306354,0,500
2025-11-25 23:21:07.501814,78.1186186186191,0,500
2025-11-25 23:21:17.501814,78.06292417417465,0,500
2025-11-25 23:21:27.501814,78.00722972973021,0,500
2025-11-25 23:21:37.501814,77.95153528528577,0,500
2025-11-25 23:21:47.501814,77.89584084084133,0,500
2025-11-25 23:21:57.501814,77.84014639639688,0,500
2025-11-25 23:22:07.501814,77.78445195195243,0,500
2025-11-25 23:22:17.501814,77.72875750750799,0,500
2025-11-25 23:22:27.501814,77.67306306306355,0,500
2025-11-25 23:22:37.501814,77.61736861861911,0,500
2025-11-25 23:22:47.501814,77.56167417417467,0,500
2025-11-25 23:22:57.501814,77.50597972973023,0,500
2025-11-25 23:23:07.501814,77.45028528528579,0,500
2025-11-25 23:23:17.501814,77.39459084084133,0,500
2025-11-25 23:23:27.501814,77.33889639639689,0,500
2025-11-25 23:23:37.501814,77.28320195195245,0,500
2025-11-25 23:23:47.501814,77.22750750750801,0,500
2025-11-25 23:23:57.501814,77.17181306306357,0,500
2025-11-25 23:24:07.501814,77.11611861861913,0,500
2025-11-25 23:24:17.501814,77.06042417417468,0,500
2025-11-25 23:24:27.501814,77.00472972973024,0,500
2025-11-25 23:24:37.501814,76.94903528528579,0,500
2025-11-25 23:24:47.501814,76.89334084084135,0,500
2025-11-25 23:24:57.501814,76.8376463963969,0,500
2025-11-25 23:25:07.501814,76.78195195195246,0,500
2025-11-25 23:25:17.501814,76.72625750750802,0,500
2025-11-25 23:25:27.501814,76.67056306306358,0,500
2025-11-25 23:25:37.501814,76.61486861861914,0,500
2025-11-25 23:25:47.501814,76.5591741741747,0,500
2025-11-25 23:25:57.501814,76.50347972973024,0,500
2025-11-25 23:26:07.501814,76.4477852852858,0,500
2025-11-25 23:26:17.501814,76.39209084084138,0,500
2025-11-25 23:26:27.501814,76.33639639639694,0,500
2025-11-25 23:26:37.501814,76.2807019519525,0,500
2025-11-25 23:26:47.501814,76.22500750750805,0,500
2025-11-25 23:26:57.501814,76.1693130630636,0,500
2025-11-25 23:27:07.501814,76.11361861861916,0,500
2025-11-25 23:27:17.501814,76.05792417417472,0,500
2025-11-25 23:27:27.501814,75.99993618618672,1,500
2025-11-25 23:27:37.501814,75.94194819819874,1,500
2025-11-25 23:27:47.501814,75.88396021021074,1,500
2025-11-25 23:27:57.501814,75.82597222222276,1,500
2025-11-25 23:28:07.501814,75.76798423423476,1,500
2025-11-25 23:28:17.501814,75.70999624624677,1,500
2025-11-25 23:28:27.501814,75.65200825825879,1,500
2025-11-25 23:28:37.501814,75.59631381381435,0,500
2025-11-25 23:28:47.501814,75.54061936936989,0,500
2025-11-25 23:28:57.501814,75.48492492492545,0,500
2025-11-25 23:29:07.501814,75.42923048048102,0,500
2025-11-25 23:29:17.501814,75.37124249249302,1,500
2025-11-25 23:29:27.501814,75.31325450450504,1,500
2025-11-25 23:29:37.501814,75.25526651651705,1,500
2025-11-25 23:29:47.501814,75.19957207207261,0,500
2025-11-25 23:29:57.501814,75.14387762762816,0,500
2025-11-25 23:30:07.501814,75.08818318318372,0,500
2025-11-25 23:30:17.501814,75.03248873873927,0,500
2025-11-25 23:30:27.501814,74.97679429429483,0,500
2025-11-25 23:30:37.501814,74.92109984985039,0,500
2025-11-25 23:30:47.501814,74.86540540540595,0,500
2025-11-25 23:30:57.501814,74.80971096096151,0,500
2025-11-25 23:31:07.501814,74.75401651651707,0,500
2025-11-25 23:31:17.501814,74.69832207207261,0,500
2025-11-25 23:31:27.501814,74.64033408408464,1,500
2025-11-25 23:31:37.501814,74.58463963964019,0,500
2025-11-25 23:31:47.501814,74.52894519519575,0,500
2025-11-25 23:31:57.501814,74.4732507507513,0,500
2025-11-25 23:32:07.501814,74.41755630630686,0,500
2025-11-25 23:32:17.501814,74.36186186186242,0,500
2025-11-25 23:32:27.501814,74.30616741741798,0,500
2025-11-25 23:32:37.501814,74.25047297297354,0,500
2025-11-25 23:32:47.501814,74.1947785285291,0,500
2025-11-25 23:32:57.501814,74.13908408408464,0,500
2025-11-25 23:33:07.501814,74.0833896396402,0,500
2025-11-25 23:33:17.501814,74.02769519519576,0,500
2025-11-25 23:33:27.501814,73.96970720720778,1,500
2025-11-25 23:33:37.501814,73.91171921921979,1,500
2025-11-25 23:33:47.501814,73.8537312312318,1,500
2025-11-25 23:33:57.501814,73.7957432432438,1,500
2025-11-25 23:34:07.501814,73.73775525525582,1,500
2025-11-25 23:34:17.501814,73.67976726726782,1,500
2025-11-25 23:34:27.501814,73.62407282282338,0,500
2025-11-25 23:34:37.501814,73.56837837837894,0,500
2025-11-25 23:34:47.501814,73.5126839339345,0,500
2025-11-25 23:34:57.501814,73.45698948949006,0,500
2025-11-25 23:35:07.501814,73.40129504504561,0,500
2025-11-25 23:35:17.501814,73.34560060060117,0,500
2025-11-25 23:35:27.501814,73.28990615615673,0,500
2025-11-25 23:35:37.501814,73.23421171171229,0,500
2025-11-25 23:35:47.501814,73.17851726726785,0,500
2025-11-25 23:35:57.501814,73.12282282282341,0,500
2025-11-25 23:36:07.501814,73.06712837837897,0,500
2025-11-25 23:36:17.501814,73.01143393393453,0,500
2025-11-25 23:36:27.501814,72.95573948949009,0,500
2025-11-25 23:36:37.501814,72.90004504504563,0,500
2025-11-25 23:36:47.501814,72.84435060060119,0,500
2025-11-25 23:36:57.501814,72.78865615615675,0,500
2025-11-25 23:37:07.501814,72.7329617117123,0,500
2025-11-25 23:37:17.501814,72.67726726726787,0,500
2025-11-25 23:37:27.501814,72.62157282282342,0,500
2025-11-25 23:37:37.501814,72.56587837837898,0,500
2025-11-25 23:37:47.501814,72.51018393393454,0,500
2025-11-25 23:37:57.501814,72.45448948949009,0,500
2025-11-25 23:38:07.501814,72.39879504504565,0,500
2025-11-25 23:38:17.501814,72.3431006006012,0,500
2025-11-25 23:38:27.501814,72.2851126126132,1,500
2025-11-25 23:38:37.501814,72.22712462462523,1,500
2025-11-25 23:38:47.501814,72.16913663663725,1,500
2025-11-25 23:38:57.501814,72.1134421921928,0,500
2025-11-25 23:39:07.501814,72.05774774774835,0,500
2025-11-25 23:39:17.501814,72.00205330330391,0,500
2025-11-25 23:39:27.501814,71.94635885885947,0,500
2025-11-25 23:39:37.501814,71.88837087087148,1,500
2025-11-25 23:39:47.501814,71.8303828828835,1,500
2025-11-25 23:39:57.501814,71.7723948948955,1,500
2025-11-25 23:40:07.501814,71.71440690690751,1,500
2025-11-25 23:40:17.501814,71.65641891891951,1,500
2025-11-25 23:40:27.501814,71.59843093093153,1,500
2025-11-25 23:40:37.501814,71.54044294294354,1,500
2025-11-25 23:40:47.501814,71.48245495495556,1,500
2025-11-25 23:40:57.501814,71.42446696696756,1,500
2025-11-25 23:41:07.501814,71.36647897897957,1,500
2025-11-25 23:41:17.501814,71.30849099099159,1,500
2025-11-25 23:41:27.501814,71.2505030030036,1,500
2025-11-25 23:41:37.501814,71.19251501501562,1,500
2025-11-25 23:41:47.501814,71.13452702702762,1,500
2025-11-25 23:41:57.501814,71.07883258258317,0,500
2025-11-25 23:42:07.501814,71.02313813813873,0,500
2025-11-25 23:42:17.501814,70.96744369369429,0,500
2025-11-25 23:42:27.501814,70.91174924924985,0,500
2025-11-25 23:42:37.501814,70.8560548048054,0,500
2025-11-25 23:42:47.501814,70.80036036036095,0,500
2025-11-25 23:42:57.501814,70.74466591591651,0,500
2025-11-25 23:43:07.501814,70.68897147147207,0,500
2025-11-25 23:43:17.501814,70.63098348348409,1,500
2025-11-25 23:43:27.501814,70.57299549549609,1,500
2025-11-25 23:43:37.501814,70.51500750750812,1,500
2025-11-25 23:43:47.501814,70.45701951952013,1,500
2025-11-25 23:43:57.501814,70.39903153153213,1,500
2025-11-25 23:44:07.501814,70.34333708708769,0,500
2025-11-25 23:44:17.501814,70.28764264264325,0,500
2025-11-25 23:44:27.501814,70.23194819819881,0,500
2025-11-25 23:44:37.501814,70.17625375375435,0,500
2025-11-25 23:44:47.501814,70.12055930930991,0,500
2025-11-25 23:44:57.501814,70.06486486486547,0,500
2025-11-25 23:45:07.501814,70.00917042042103,0,500
2025-11-25 23:45:17.501814,69.95347597597659,0,500
2025-11-25 23:45:27.501814,69.89778153153215,0,500
2025-11-25 23:45:37.501814,69.8420870870877,0,500
2025-11-25 23:45:47.501814,69.78639264264326,0,500
2025-11-25 23:45:57.501814,69.73069819819881,0,500
2025-11-25 23:46:07.501814,69.67500375375437,0,500
2025-11-25 23:46:17.501814,69.61930930930993,0,500
2025-11-25 23:46:27.501814,69.56361486486549,0,500
2025-11-25 23:46:37.501814,69.50792042042104,0,500
2025-11-25 23:46:47.501814,69.4522259759766,0,500
2025-11-25 23:46:57.501814,69.39653153153216,0,500
2025-11-25 23:47:07.501814,69.34083708708772,0,500
2025-11-25 23:47:17.501814,69.28514264264328,0,500
2025-11-25 23:47:27.501814,69.22944819819884,0,500
2025-11-25 23:47:37.501814,69.1737537537544,0,500
2025-11-25 23:47:47.501814,69.11805930930996,0,500
2025-11-25 23:47:57.501814,69.06236486486551,0,500
2025-11-25 23:48:07.501814,69.00437687687752,1,500
2025-11-25 23:48:17.501814,68.94638888888953,1,500
2025-11-25 23:48:27.501814,68.89069444444509,0,500
2025-11-25 23:48:37.501814,68.83500000000065,0,500
2025-11-25 23:48:47.501814,68.7793055555562,0,500
2025-11-25 23:48:57.501814,68.72361111111177,0,500
2025-11-25 23:49:07.501814,68.66791666666731,0,500
2025-11-25 23:49:17.501814,68.61222222222287,0,500
2025-11-25 23:49:27.501814,68.55652777777843,0,500
2025-11-25 23:49:37.501814,68.50083333333399,0,500
2025-11-25 23:49:47.501814,68.44513888888955,0,500
2025-11-25 23:49:57.501814,68.3894444444451,0,500
2025-11-25 23:50:07.501814,68.33375000000066,0,500
2025-11-25 23:50:17.501814,68.27805555555622,0,500
2025-11-25 23:50:27.501814,68.22236111111178,0,500
2025-11-25 23:50:37.501814,68.16666666666733,0,500
2025-11-25 23:50:47.501814,68.11097222222288,0,500
2025-11-25 23:50:57.501814,68.05527777777844,0,500
2025-11-25 23:51:07.501814,67.999583333334,0,500
2025-11-25 23:51:17.501814,67.94388888888956,0,500
2025-11-25 23:51:27.501814,67.88819444444512,0,500
2025-11-25 23:51:37.501814,67.83250000000068,0,500
2025-11-25 23:51:47.501814,67.77680555555622,0,500
2025-11-25 23:51:57.501814,67.72111111111178,0,500
2025-11-25 23:52:07.501814,67.66541666666734,0,500
2025-11-25 23:52:17.501814,67.6097222222229,0,500
2025-11-25 23:52:27.501814,67.55402777777846,0,500
2025-11-25 23:52:37.501814,67.49833333333402,0,500
2025-11-25 23:52:47.501814,67.44263888888958,0,500
2025-11-25 23:52:57.501814,67.38694444444513,0,500
2025-11-25 23:53:07.501814,67.3312500000007,0,500
2025-11-25 23:53:17.501814,67.27326201201271,1,500
2025-11-25 23:53:27.501814,67.21756756756825,0,500
2025-11-25 23:53:37.501814,67.16187312312381,0,500
2025-11-25 23:53:47.501814,67.10617867867937,0,500
2025-11-25 23:53:57.501814,67.05048423423493,0,500
2025-11-25 23:54:07.501814,66.99478978979049,0,500
2025-11-25 23:54:17.501814,66.93909534534605,0,500
2025-11-25 23:54:27.501814,66.8834009009016,0,500
2025-11-25 23:54:37.501814,66.82770645645716,0,500
2025-11-25 23:54:47.501814,66.77201201201271,0,500
2025-11-25 23:54:57.501814,66.71631756756827,0,500
2025-11-25 23:55:07.501814,66.66062312312383,0,500
2025-11-25 23:55:17.501814,66.60492867867939,0,500
2025-11-25 23:55:27.501814,66.54923423423494,0,500
2025-11-25 23:55:37.501814,66.4935397897905,0,500
2025-11-25 23:55:47.501814,66.43784534534606,0,500
2025-11-25 23:55:57.501814,66.38215090090162,0,500
2025-11-25 23:56:07.501814,66.32645645645717,0,500
2025-11-25 23:56:17.501814,66.27076201201272,0,500
2025-11-25 23:56:27.501814,66.21506756756828,0,500
2025-11-25 23:56:37.501814,66.15937312312384,0,500
2025-11-25 23:56:47.501814,66.1036786786794,0,500
2025-11-25 23:56:57.501814,66.04798423423496,0,500
2025-11-25 23:57:07.501814,65.99228978979052,0,500
2025-11-25 23:57:17.501814,65.93659534534608,0,500
2025-11-25 23:57:27.501814,65.87860735735809,1,500
2025-11-25 23:57:37.501814,65.82061936937009,1,500
2025-11-25 23:57:47.501814,65.76492492492565,0,500
2025-11-25 23:57:57.501814,65.70923048048122,0,500
2025-11-25 23:58:07.501814,65.65353603603677,0,500
2025-11-25 23:58:17.501814,65.59784159159233,0,500
2025-11-25 23:58:27.501814,65.54214714714789,0,500
2025-11-25 23:58:37.501814,65.48645270270345,0,500
2025-11-25 23:58:47.501814,65.430758258259,0,500
2025-11-25 23:58:57.501814,65.37506381381456,0,500
2025-11-25 23:59:07.501814,65.31936936937012,0,500
2025-11-25 23:59:17.501814,65.26367492492568,0,500
2025-11-25 23:59:27.501814,65.20798048048123,0,500
2025-11-25 23:59:37.501814,65.15228603603678,0,500
2025-11-25 23:59:47.501814,65.09659159159234,0,500
2025-11-25 23:59:57.501814,65.0408971471479,0,500
2025-11-26 00:00:07.501814,64.98520270270346,0,500
2025-11-26 00:00:17.501814,64.92950825825902,0,500
2025-11-26 00:00:27.501814,64.87381381381458,0,500
2025-11-26 00:00:37.501814,64.81811936937014,0,500
2025-11-26 00:00:47.501814,64.76242492492568,0,500
2025-11-26 00:00:57.501814,64.70673048048124,0,500
2025-11-26 00:01:07.501814,64.6510360360368,0,500
2025-11-26 00:01:17.501814,64.59534159159236,0,500
2025-11-26 00:01:27.501814,64.53964714714792,0,500
2025-11-26 00:01:37.501814,64.48395270270348,0,500
2025-11-26 00:01:47.501814,64.42825825825904,0,500
2025-11-26 00:01:57.501814,64.3725638138146,0,500
2025-11-26 00:02:07.501814,64.31686936937014,0,500
2025-11-26 00:02:17.501814,64.2611749249257,0,500
2025-11-26 00:02:27.501814,64.20548048048126,0,500
2025-11-26 00:02:37.501814,64.14978603603682,0,500
2025-11-26 00:02:47.501814,64.09409159159237,0,500
2025-11-26 00:02:57.501814,64.03839714714793,0,500
2025-11-26 00:03:07.501814,63.982702702703484,0,500
2025-11-26 00:03:17.501814,63.92700825825904,0,500
2025-11-26 00:03:27.501814,63.8713138138146,0,500
2025-11-26 00:03:37.501814,63.81561936937016,0,500
2025-11-26 00:03:47.501814,63.75992492492571,0,500
2025-11-26 00:03:57.501814,63.70423048048127,0,500
2025-11-26 00:04:07.501814,63.64853603603683,0,500
2025-11-26 00:04:17.501814,63.59284159159239,0,500
2025-11-26 00:04:27.501814,63.53714714714794,0,500
2025-11-26 00:04:37.501814,63.4814527027035,0,500
2025-11-26 00:04:47.501814,63.42575825825906,0,500
2025-11-26 00:04:57.501814,63.37006381381462,0,500
2025-11-26 00:05:07.501814,63.31436936937017,0,500
2025-11-26 00:05:17.501814,63.25867492492573,0,500
2025-11-26 00:05:27.501814,63.20298048048129,0,500
2025-11-26 00:05:37.501814,63.147286036036846,0,500
2025-11-26 00:05:47.501814,63.09159159159241,0,500
2025-11-26 00:05:57.501814,63.03589714714797,0,500
2025-11-26 00:06:07.501814,62.98020270270352,0,500
2025-11-26 00:06:17.501814,62.92450825825908,0,500
2025-11-26 00:06:27.501814,62.86881381381464,0,500
2025-11-26 00:06:37.501814,62.8131193693702,0,500
2025-11-26 00:06:47.501814,62.75742492492575,0,500
2025-11-26 00:06:57.501814,62.70173048048131,0,500
2025-11-26 00:07:07.501814,62.64603603603687,0,500
2025-11-26 00:07:17.501814,62.59034159159243,0,500
2025-11-26 00:07:27.501814,62.53464714714798,0,500
2025-11-26 00:07:37.501814,62.47895270270354,0,500
2025-11-26 00:07:47.501814,62.4232582582591,0,500
2025-11-26 00:07:57.501814,62.367563813814655,0,500
2025-11-26 00:08:07.501814,62.31186936937021,0,500
2025-11-26 00:08:17.501814,62.253881381382214,1,500
2025-11-26 00:08:27.501814,62.19589339339423,1,500
2025-11-26 00:08:37.501814,62.13790540540624,1,500
2025-11-26 00:08:47.501814,62.07991741741825,1,500
2025-11-26 00:08:57.501814,62.021929429430266,1,500
2025-11-26 00:09:07.501814,61.966234984985824,0,500
2025-11-26 00:09:17.501814,61.91054054054138,0,500
2025-11-26 00:09:27.501814,61.854846096096935,0,500
2025-11-26 00:09:37.501814,61.799151651652494,0,500
2025-11-26 00:09:47.501814,61.74345720720805,0,500
2025-11-26 00:09:57.501814,61.68776276276361,0,500
2025-11-26 00:10:07.501814,61.63206831831916,0,500
2025-11-26 00:10:17.501814,61.57408033033117,1,500
2025-11-26 00:10:27.501814,61.516092342343185,1,500
2025-11-26 00:10:37.501814,61.45810435435519,1,500
2025-11-26 00:10:47.501814,61.40011636636721,1,500
2025-11-26 00:10:57.501814,61.344421921922766,0,500
2025-11-26 00:11:07.501814,61.288727477478325,0,500
2025-11-26 00:11:17.501814,61.23303303303388,0,500
2025-11-26 00:11:27.501814,61.177338588589436,0,500
2025-11-26 00:11:37.501814,61.121644144144994,0,500
2025-11-26 00:11:47.501814,61.06594969970055,0,500
2025-11-26 00:11:57.501814,61.010255255256105,0,500
2025-11-26 00:12:07.501814,60.954560810811664,0,500
2025-11-26 00:12:17.501814,60.89886636636722,0,500
2025-11-26 00:12:27.501814,60.84317192192278,0,500
2025-11-26 00:12:37.501814,60.78747747747833,0,500
2025-11-26 00:12:47.501814,60.73178303303389,0,500
2025-11-26 00:12:57.501814,60.67608858858945,0,500
2025-11-26 00:13:07.501814,60.62039414414501,0,500
2025-11-26 00:13:17.501814,60.56469969970056,0,500
2025-11-26 00:13:27.501814,60.50900525525612,0,500
2025-11-26 00:13:37.501814,60.45331081081168,0,500
2025-11-26 00:13:47.501814,60.39761636636724,0,500
2025-11-26 00:13:57.501814,60.34192192192279,0,500
2025-11-26 00:14:07.501814,60.28622747747835,0,500
2025-11-26 00:14:17.501814,60.23053303303391,0,500
2025-11-26 00:14:27.501814,60.174838588589466,0,500
2025-11-26 00:14:37.501814,60.11914414414502,0,500
2025-11-26 00:14:47.501814,60.06344969970058,0,500
2025-11-26 00:14:57.501814,60.007755255256136,0,500
2025-11-26 00:15:07.501814,59.952060810811695,0,500
2025-11-26 00:15:17.501814,59.896366366367246,0,500
2025-11-26 00:15:27.501814,59.840671921922805,0,500
2025-11-26 00:15:37.501814,59.784977477478364,0,500
2025-11-26 00:15:47.501814,59.72928303303392,0,500
2025-11-26 00:15:57.501814,59.67358858858949,0,500
2025-11-26 00:16:07.501814,59.61789414414505,0,500
2025-11-26 00:16:17.501814,59.5621996997006,0,500
2025-11-26 00:16:27.501814,59.50650525525616,0,500
2025-11-26 00:16:37.501814,59.45081081081172,0,500
2025-11-26 00:16:47.501814,59.395116366367276,0,500
2025-11-26 00:16:57.501814,59.33942192192283,0,500
2025-11-26 00:17:07.501814,59.283727477478386,0,500
2025-11-26 00:17:17.501814,59.228033033033945,0,500
2025-11-26 00:17:27.501814,59.172338588589504,0,500
2025-11-26 00:17:37.501814,59.116644144145056,0,500
2025-11-26 00:17:47.501814,59.060949699700615,0,500
2025-11-26 00:17:57.501814,59.00525525525617,0,500
2025-11-26 00:18:07.501814,58.94956081081173,0,500
2025-11-26 00:18:17.501814,58.893866366367284,0,500
2025-11-26 00:18:27.501814,58.83817192192284,0,500
2025-11-26 00:18:37.501814,58.7824774774784,0,500
2025-11-26 00:18:47.501814,58.72678303303396,0,500
2025-11-26 00:18:57.501814,58.67108858858951,0,500
2025-11-26 00:19:07.501814,58.61539414414507,0,500
2025-11-26 00:19:17.501814,58.55969969970063,0,500
2025-11-26 00:19:27.501814,58.50400525525619,0,500
2025-11-26 00:19:37.501814,58.44831081081174,0,500
2025-11-26 00:19:47.501814,58.3926163663673,0,500
2025-11-26 00:19:57.501814,58.33692192192286,0,500
2025-11-26 00:20:07.501814,58.28122747747842,0,500
2025-11-26 00:20:17.501814,58.22553303303397,0,500
2025-11-26 00:20:27.501814,58.16983858858953,0,500
2025-11-26 00:20:37.501814,58.11414414414509,0,500
2025-11-26 00:20:47.501814,58.058449699700645,0,500
2025-11-26 00:20:57.501814,58.0027552552562,0,500
2025-11-26 00:21:07.501814,57.947060810811756,0,500
2025-11-26 00:21:17.501814,57.891366366367315,0,500
2025-11-26 00:21:27.501814,57.835671921922874,0,500
2025-11-26 00:21:37.501814,57.779977477478425,0,500
2025-11-26 00:21:47.501814,57.724283033033984,0,500
2025-11-26 00:21:57.501814,57.66858858858954,0,500
2025-11-26 00:22:07.501814,57.6128941441451,0,500
2025-11-26 00:22:17.501814,57.557199699700654,0,500
2025-11-26 00:22:27.501814,57.50150525525621,0,500
2025-11-26 00:22:37.501814,57.44581081081177,0,500
2025-11-26 00:22:47.501814,57.39011636636733,0,500
2025-11-26 00:22:57.501814,57.33442192192288,0,500
2025-11-26 00:23:07.501814,57.27872747747844,0,500
2025-11-26 00:23:17.501814,57.223033033034,0,500
2025-11-26 00:23:27.501814,57.16733858858956,0,500
2025-11-26 00:23:37.501814,57.111644144145124,0,500
2025-11-26 00:23:47.501814,57.05594969970068,0,500
2025-11-26 00:23:57.501814,57.000255255256235,0,500
2025-11-26 00:24:07.501814,56.944560810811794,0,500
2025-11-26 00:24:17.501814,56.88886636636735,0,500
2025-11-26 00:24:27.501814,56.83317192192291,0,500
2025-11-26 00:24:37.501814,56.77747747747846,0,500
2025-11-26 00:24:47.501814,56.72178303303402,0,500
2025-11-26 00:24:57.501814,56.66608858858958,0,500
2025-11-26 00:25:07.501814,56.61039414414514,0,500
2025-11-26 00:25:17.501814,56.55469969970069,0,500
2025-11-26 00:25:27.501814,56.49900525525625,0,500
2025-11-26 00:25:37.501814,56.44331081081181,0,500
2025-11-26 00:25:47.501814,56.38761636636737,0,500
2025-11-26 00:25:57.501814,56.33192192192292,0,500
2025-11-26 00:26:07.501814,56.27622747747848,0,500
2025-11-26 00:26:17.501814,56.22053303303404,0,500
2025-11-26 00:26:27.501814,56.164838588589596,0,500
2025-11-26 00:26:37.501814,56.10914414414515,0,500
2025-11-26 00:26:47.501814,56.05344969970071,0,500
2025-11-26 00:26:57.501814,55.997755255256266,0,500
2025-11-26 00:27:07.501814,55.942060810811824,0,500
2025-11-26 00:27:17.501814,55.886366366367376,0,500
2025-11-26 00:27:27.501814,55.830671921922935,0,500
2025-11-26 00:27:37.501814,55.774977477478494,0,500
2025-11-26 00:27:47.501814,55.71928303303405,0,500
2025-11-26 00:27:57.501814,55.663588588589604,0,500
2025-11-26 00:28:07.501814,55.60789414414516,0,500
2025-11-26 00:28:17.501814,55.54990615615718,1,500
2025-11-26 00:28:27.501814,55.491918168169185,1,500
2025-11-26 00:28:37.501814,55.4339301801812,1,500
2025-11-26 00:28:47.501814,55.37594219219321,1,500
2025-11-26 00:28:57.501814,55.31795420420522,1,500
2025-11-26 00:29:07.501814,55.26225975976078,0,500
2025-11-26 00:29:17.501814,55.20656531531634,0,500
2025-11-26 00:29:27.501814,55.15087087087189,0,500
2025-11-26 00:29:37.501814,55.09517642642745,0,500
2025-11-26 00:29:47.501814,55.03718843843946,1,500
2025-11-26 00:29:57.501814,54.97920045045147,1,500
2025-11-26 00:30:07.501814,54.92121246246349,1,500
2025-11-26 00:30:17.501814,54.863224474475494,1,500
2025-11-26 00:30:27.501814,54.80523648648751,1,500
2025-11-26 00:30:37.501814,54.74724849849951,1,500
2025-11-26 00:30:47.501814,54.68926051051153,1,500
2025-11-26 00:30:57.501814,54.63127252252353,1,500
2025-11-26 00:31:07.501814,54.573284534535546,1,500
2025-11-26 00:31:17.501814,54.51529654654755,1,500
2025-11-26 00:31:27.501814,54.45730855855957,1,500
2025-11-26 00:31:37.501814,54.399320570571575,1,500
2025-11-26 00:31:47.501814,54.34133258258359,1,500
2025-11-26 00:31:57.501814,54.2833445945956,1,500
2025-11-26 00:32:07.501814,54.22535660660761,1,500
2025-11-26 00:32:17.501814,54.167368618619626,1,500
2025-11-26 00:32:27.501814,54.109380630631634,1,500
2025-11-26 00:32:37.501814,54.05139264264365,1,500
2025-11-26 00:32:47.501814,53.99340465465565,1,500
2025-11-26 00:32:57.501814,53.93541666666767,1,500
2025-11-26 00:33:07.501814,53.87742867867967,1,500
2025-11-26 00:33:17.501814,53.81944069069169,1,500
2025-11-26 00:33:27.501814,53.763746246247244,0,500
2025-11-26 00:33:37.501814,53.7080518018028,0,500
2025-11-26 00:33:47.501814,53.65006381381481,1,500
2025-11-26 00:33:57.501814,53.592075825826825,1,500
2025-11-26 00:34:07.501814,53.536381381382384,0,500
2025-11-26 00:34:17.501814,53.480686936937936,0,500
2025-11-26 00:34:27.501814,53.424992492493494,0,500
2025-11-26 00:34:37.501814,53.36929804804905,0,500
2025-11-26 00:34:47.501814,53.31360360360461,0,500
2025-11-26 00:34:57.501814,53.257909159160164,0,500
2025-11-26 00:35:07.501814,53.20221471471572,0,500
2025-11-26 00:35:17.501814,53.14652027027128,0,500
2025-11-26 00:35:27.501814,53.09082582582684,0,500
2025-11-26 00:35:37.501814,53.03513138138239,0,500
2025-11-26 00:35:47.501814,52.97943693693795,0,500
2025-11-26 00:35:57.501814,52.92374249249351,0,500
2025-11-26 00:36:07.501814,52.86804804804907,0,500
2025-11-26 00:36:17.501814,52.81006006006108,1,500
2025-11-26 00:36:27.501814,52.752072072073084,1,500
2025-11-26 00:36:37.501814,52.694084084085105,1,500
2025-11-26 00:36:47.501814,52.636096096097106,1,500
2025-11-26 00:36:57.501814,52.57810810810912,1,500
2025-11-26 00:37:07.501814,52.52241366366468,0,500
2025-11-26 00:37:17.501814,52.46671921922024,0,500
2025-11-26 00:37:27.501814,52.40873123123225,1,500
2025-11-26 00:37:37.501814,52.35074324324426,1,500
2025-11-26 00:37:47.501814,52.292755255256274,1,500
2025-11-26 00:37:57.501814,52.23476726726828,1,500
2025-11-26 00:38:07.501814,52.1767792792803,1,500
2025-11-26 00:38:17.501814,52.1187912912923,1,500
2025-11-26 00:38:27.501814,52.06080330330431,1,500
2025-11-26 00:38:37.501814,52.00281531531632,1,500
2025-11-26 00:38:47.501814,51.94482732732833,1,500
2025-11-26 00:38:57.501814,51.88683933934034,1,500
2025-11-26 00:39:07.501814,51.828851351352355,1,500
2025-11-26 00:39:17.501814,51.77086336336436,1,500
2025-11-26 00:39:27.501814,51.71287537537638,1,500
2025-11-26 00:39:37.501814,51.657180930931936,0,500
2025-11-26 00:39:47.501814,51.60148648648749,0,500
2025-11-26 00:39:57.501814,51.54579204204305,0,500
2025-11-26 00:40:07.501814,51.490097597598606,0,500
2025-11-26 00:40:17.501814,51.434403153154165,0,500
2025-11-26 00:40:27.501814,51.378708708709716,0,500
2025-11-26 00:40:37.501814,51.323014264265275,0,500
2025-11-26 00:40:47.501814,51.267319819820834,0,500
2025-11-26 00:40:57.501814,51.21162537537639,0,500
2025-11-26 00:41:07.501814,51.155930930931945,0,500
2025-11-26 00:41:17.501814,51.1002364864875,0,500
2025-11-26 00:41:27.501814,51.04454204204306,0,500
2025-11-26 00:41:37.501814,50.98884759759862,0,500
2025-11-26 00:41:47.501814,50.93315315315417,0,500
2025-11-26 00:41:57.501814,50.87745870870973,0,500
2025-11-26 00:42:07.501814,50.82176426426529,0,500
2025-11-26 00:42:17.501814,50.76606981982085,0,500
2025-11-26 00:42:27.501814,50.7103753753764,0,500
2025-11-26 00:42:37.501814,50.65468093093196,0,500
2025-11-26 00:42:47.501814,50.59898648648752,0,500
2025-11-26 00:42:57.501814,50.54329204204308,0,500
2025-11-26 00:43:07.501814,50.48759759759863,0,500
2025-11-26 00:43:17.501814,50.4319031531542,0,500
2025-11-26 00:43:27.501814,50.376208708709754,0,500
2025-11-26 00:43:37.501814,50.32051426426531,0,500
2025-11-26 00:43:47.501814,50.26481981982087,0,500
2025-11-26 00:43:57.501814,50.20912537537643,0,500
2025-11-26 00:44:07.501814,50.15113738738843,1,500
2025-11-26 00:44:17.501814,50.09314939940045,1,500
2025-11-26 00:44:27.501814,50.03516141141245,1,500
2025-11-26 00:44:37.501814,49.97946696696801,0,500
2025-11-26 00:44:47.501814,49.92377252252357,0,500
2025-11-26 00:44:57.501814,49.86807807807913,0,500
2025-11-26 00:45:07.501814,49.81238363363469,0,500
2025-11-26 00:45:17.501814,49.75668918919025,0,500
2025-11-26 00:45:27.501814,49.7009947447458,0,500
2025-11-26 00:45:37.501814,49.64530030030136,0,500
2025-11-26 00:45:47.501814,49.58960585585692,0,500
2025-11-26 00:45:57.501814,49.533911411412475,0,500
2025-11-26 00:46:07.501814,49.47821696696803,0,500
2025-11-26 00:46:17.501814,49.422522522523586,0,500
2025-11-26 00:46:27.501814,49.366828078079145,0,500
2025-11-26 00:46:37.501814,49.311133633634704,0,500
2025-11-26 00:46:47.501814,49.255439189190255,0,500
2025-11-26 00:46:57.501814,49.199744744745814,0,500
2025-11-26 00:47:07.501814,49.14405030030137,0,500
2025-11-26 00:47:17.501814,49.08835585585693,0,500
2025-11-26 00:47:27.501814,49.032661411412484,0,500
2025-11-26 00:47:37.501814,48.97696696696804,0,500
2025-11-26 00:47:47.501814,48.9212725225236,0,500
2025-11-26 00:47:57.501814,48.86557807807916,0,500
2025-11-26 00:48:07.501814,48.80988363363471,0,500
2025-11-26 00:48:17.501814,48.75189564564673,1,500
2025-11-26 00:48:27.501814,48.69390765765874,1,500
2025-11-26 00:48:37.501814,48.63591966967075,1,500
2025-11-26 00:48:47.501814,48.57793168168276,1,500
2025-11-26 00:48:57.501814,48.51994369369477,1,500
2025-11-26 00:49:07.501814,48.461955705706785,1,500
2025-11-26 00:49:17.501814,48.40396771771879,1,500
2025-11-26 00:49:27.501814,48.34827327327435,0,500
2025-11-26 00:49:37.501814,48.29257882882991,0,500
2025-11-26 00:49:47.501814,48.23688438438546,0,500
2025-11-26 00:49:57.501814,48.18118993994102,0,500
2025-11-26 00:50:07.501814,48.12549549549658,0,500
2025-11-26 00:50:17.501814,48.06980105105214,0,500
2025-11-26 00:50:27.501814,48.01410660660769,0,500
2025-11-26 00:50:37.501814,47.95841216216325,0,500
2025-11-26 00:50:47.501814,47.90271771771881,0,500
2025-11-26 00:50:57.501814,47.84702327327437,0,500
2025-11-26 00:51:07.501814,47.79132882882992,0,500
2025-11-26 00:51:17.501814,47.735634384385484,0,500
2025-11-26 00:51:27.501814,47.67993993994104,0,500
2025-11-26 00:51:37.501814,47.62195195195305,1,500
2025-11-26 00:51:47.501814,47.56396396396506,1,500
2025-11-26 00:51:57.501814,47.50597597597707,1,500
2025-11-26 00:52:07.501814,47.44798798798908,1,500
2025-11-26 00:52:17.501814,47.390000000001095,1,500
2025-11-26 00:52:27.501814,47.3320120120131,1,500
2025-11-26 00:52:37.501814,47.27402402402511,1,500
2025-11-26 00:52:47.501814,47.216036036037124,1,500
2025-11-26 00:52:57.501814,47.15804804804913,1,500
2025-11-26 00:53:07.501814,47.100060060061146,1,500
2025-11-26 00:53:17.501814,47.042072072073154,1,500
2025-11-26 00:53:27.501814,46.98408408408517,1,500
2025-11-26 00:53:37.501814,46.92609609609718,1,500
2025-11-26 00:53:47.501814,46.870401651652735,0,500
2025-11-26 00:53:57.501814,46.81470720720829,0,500
2025-11-26 00:54:07.501814,46.75901276276385,0,500
2025-11-26 00:54:17.501814,46.70331831831941,0,500
2025-11-26 00:54:27.501814,46.64762387387496,0,500
2025-11-26 00:54:37.501814,46.59192942943052,0,500
2025-11-26 00:54:47.501814,46.53623498498608,0,500
2025-11-26 00:54:57.501814,46.48054054054164,0,500
2025-11-26 00:55:07.501814,46.42484609609719,0,500
2025-11-26 00:55:17.501814,46.36915165165275,0,500
2025-11-26 00:55:27.501814,46.31345720720831,0,500
2025-11-26 00:55:37.501814,46.25776276276387,0,500
2025-11-26 00:55:47.501814,46.20206831831942,0,500
2025-11-26 00:55:57.501814,46.14637387387498,0,500
2025-11-26 00:56:07.501814,46.09067942943054,0,500
2025-11-26 00:56:17.501814,46.034984984986096,0,500
2025-11-26 00:56:27.501814,45.97929054054165,0,500
2025-11-26 00:56:37.501814,45.92359609609721,0,500
2025-11-26 00:56:47.501814,45.867901651652765,0,500
2025-11-26 00:56:57.501814,45.812207207208324,0,500
2025-11-26 00:57:07.501814,45.75651276276388,0,500
2025-11-26 00:57:17.501814,45.70081831831944,0,500
2025-11-26 00:57:27.501814,45.645123873875,0,500
2025-11-26 00:57:37.501814,45.58942942943055,0,500
2025-11-26 00:57:47.501814,45.53373498498611,0,500
2025-11-26 00:57:57.501814,45.47804054054167,0,500
2025-11-26 00:58:07.501814,45.42234609609723,0,500
2025-11-26 00:58:17.501814,45.36665165165278,0,500
2025-11-26 00:58:27.501814,45.31095720720834,0,500
2025-11-26 00:58:37.501814,45.2552627627639,0,500
2025-11-26 00:58:47.501814,45.19956831831946,0,500
2025-11-26 00:58:57.501814,45.14387387387501,0,500
2025-11-26 00:59:07.501814,45.08817942943057,0,500
2025-11-26 00:59:17.501814,45.03248498498613,0,500
2025-11-26 00:59:27.501814,44.976790540541685,0,500
2025-11-26 00:59:37.501814,44.92109609609724,0,500
2025-11-26 00:59:47.501814,44.86310810810925,1,500
2025-11-26 00:59:57.501814,44.80512012012126,1,500
2025-11-26 01:00:07.501814,44.74942567567682,0,500
2025-11-26 01:00:17.501814,44.69373123123238,0,500
2025-11-26 01:00:27.501814,44.638036786787936,0,500
2025-11-26 01:00:37.501814,44.582342342343495,0,500
2025-11-26 01:00:47.501814,44.52664789789905,0,500
2025-11-26 01:00:57.501814,44.47095345345461,0,500
2025-11-26 01:01:07.501814,44.415259009010164,0,500
2025-11-26 01:01:17.501814,44.35956456456572,0,500
2025-11-26 01:01:27.501814,44.30387012012128,0,500
2025-11-26 01:01:37.501814,44.24817567567684,0,500
2025-11-26 01:01:47.501814,44.19248123123239,0,500
2025-11-26 01:01:57.501814,44.13678678678795,0,500
2025-11-26 01:02:07.501814,44.08109234234351,0,500
2025-11-26 01:02:17.501814,44.02539789789907,0,500
2025-11-26 01:02:27.501814,43.96970345345462,0,500
2025-11-26 01:02:37.501814,43.91400900901018,0,500
2025-11-26 01:02:47.501814,43.85831456456574,0,500
2025-11-26 01:02:57.501814,43.8026201201213,0,500
2025-11-26 01:03:07.501814,43.74692567567685,0,500
2025-11-26 01:03:17.501814,43.69123123123241,0,500
2025-11-26 01:03:27.501814,43.635536786787966,0,500
2025-11-26 01:03:37.501814,43.579842342343525,0,500
2025-11-26 01:03:47.501814,43.52414789789908,0,500
2025-11-26 01:03:57.501814,43.468453453454636,0,500
2025-11-26 01:04:07.501814,43.412759009010195,0,500
2025-11-26 01:04:17.501814,43.35706456456575,0,500
2025-11-26 01:04:27.501814,43.30137012012131,0,500
2025-11-26 01:04:37.501814,43.24567567567687,0,500
2025-11-26 01:04:47.501814,43.18998123123243,0,500
2025-11-26 01:04:57.501814,43.13428678678798,0,500
2025-11-26 01:05:07.501814,43.07859234234354,0,500
2025-11-26 01:05:17.501814,43.0228978978991,0,500
2025-11-26 01:05:27.501814,42.96720345345466,0,500
2025-11-26 01:05:37.501814,42.909215465466666,1,500
2025-11-26 01:05:47.501814,42.85122747747867,1,500
2025-11-26 01:05:57.501814,42.79553303303423,0,500
2025-11-26 01:06:07.501814,42.73983858858979,0,500
2025-11-26 01:06:17.501814,42.68414414414535,0,500
2025-11-26 01:06:27.501814,42.6284496997009,0,500
2025-11-26 01:06:37.501814,42.57275525525646,0,500
2025-11-26 01:06:47.501814,42.51706081081202,0,500
2025-11-26 01:06:57.501814,42.46136636636758,0,500
2025-11-26 01:07:07.501814,42.40567192192313,0,500
2025-11-26 01:07:17.501814,42.347683933935144,1,500
2025-11-26 01:07:27.501814,42.28969594594715,1,500
2025-11-26 01:07:37.501814,42.231707957959166,1,500
2025-11-26 01:07:47.501814,42.17371996997118,1,500
2025-11-26 01:07:57.501814,42.11573198198319,1,500
2025-11-26 01:08:07.501814,42.0577439939952,1,500
2025-11-26 01:08:17.501814,41.99975600600721,1,500
2025-11-26 01:08:27.501814,41.94176801801922,1,500
2025-11-26 01:08:37.501814,41.88378003003123,1,500
2025-11-26 01:08:47.501814,41.82808558558679,0,500
2025-11-26 01:08:57.501814,41.77239114114234,0,500
2025-11-26 01:09:07.501814,41.7166966966979,0,500
2025-11-26 01:09:17.501814,41.66100225225346,0,500
2025-11-26 01:09:27.501814,41.60530780780902,0,500
2025-11-26 01:09:37.501814,41.54961336336457,0,500
2025-11-26 01:09:47.501814,41.49391891892013,0,500
2025-11-26 01:09:57.501814,41.43822447447569,0,500
2025-11-26 01:10:07.501814,41.38253003003125,0,500
2025-11-26 01:10:17.501814,41.3268355855868,0,500
2025-11-26 01:10:27.501814,41.271141141142365,0,500
2025-11-26 01:10:37.501814,41.215446696697924,0,500
2025-11-26 01:10:47.501814,41.159752252253476,0,500
2025-11-26 01:10:57.501814,41.104057807809035,0,500
2025-11-26 01:11:07.501814,41.048363363364594,0,500
2025-11-26 01:11:17.501814,40.99266891892015,0,500
2025-11-26 01:11:27.501814,40.936974474475704,0,500
2025-11-26 01:11:37.501814,40.88128003003126,0,500
2025-11-26 01:11:47.501814,40.82558558558682,0,500
2025-11-26 01:11:57.501814,40.76989114114238,0,500
2025-11-26 01:12:07.501814,40.71419669669793,0,500
2025-11-26 01:12:17.501814,40.65850225225349,0,500
2025-11-26 01:12:27.501814,40.60280780780905,0,500
2025-11-26 01:12:37.501814,40.54711336336461,0,500
2025-11-26 01:12:47.501814,40.49141891892016,0,500
2025-11-26 01:12:57.501814,40.43572447447572,0,500
2025-11-26 01:13:07.501814,40.38003003003128,0,500
2025-11-26 01:13:17.501814,40.32433558558684,0,500
2025-11-26 01:13:27.501814,40.26864114114239,0,500
2025-11-26 01:13:37.501814,40.21294669669795,0,500
2025-11-26 01:13:47.501814,40.15725225225351,0,500
2025-11-26 01:13:57.501814,40.101557807809066,0,500
2025-11-26 01:14:07.501814,40.04586336336462,0,500
2025-11-26 01:14:17.501814,39.99016891892018,0,500
2025-11-26 01:14:27.501814,39.93447447447574,0,500
2025-11-26 01:14:37.501814,39.878780030031294,0,500
2025-11-26 01:14:47.501814,39.82308558558685,0,500
2025-11-26 01:14:57.501814,39.76739114114241,0,500
2025-11-26 01:15:07.501814,39.71169669669797,0,500
2025-11-26 01:15:17.501814,39.65370870870998,1,500
2025-11-26 01:15:27.501814,39.595720720721985,1,500
2025-11-26 01:15:37.501814,39.537732732734,1,500
2025-11-26 01:15:47.501814,39.48203828828956,0,500
2025-11-26 01:15:57.501814,39.42634384384511,0,500
2025-11-26 01:16:07.501814,39.37064939940067,0,500
2025-11-26 01:16:17.501814,39.31495495495623,0,500
2025-11-26 01:16:27.501814,39.25926051051179,0,500
2025-11-26 01:16:37.501814,39.20356606606734,0,500
2025-11-26 01:16:47.501814,39.1478716216229,0,500
2025-11-26 01:16:57.501814,39.092177177178456,0,500
2025-11-26 01:17:07.501814,39.036482732734015,0,500
2025-11-26 01:17:17.501814,38.98078828828957,0,500
2025-11-26 01:17:27.501814,38.925093843845126,0,500
2025-11-26 01:17:37.501814,38.86939939940069,0,500
2025-11-26 01:17:47.501814,38.81370495495624,0,500
2025-11-26 01:17:57.501814,38.7580105105118,0,500
2025-11-26 01:18:07.501814,38.70231606606736,0,500
2025-11-26 01:18:17.501814,38.64662162162292,0,500
2025-11-26 01:18:27.501814,38.59092717717847,0,500
2025-11-26 01:18:37.501814,38.53523273273403,0,500
2025-11-26 01:18:47.501814,38.47953828828959,0,500
2025-11-26 01:18:57.501814,38.42384384384515,0,500
2025-11-26 01:19:07.501814,38.3681493994007,0,500
2025-11-26 01:19:17.501814,38.31245495495626,0,500
2025-11-26 01:19:27.501814,38.25676051051182,0,500
2025-11-26 01:19:37.501814,38.201066066067376,0,500
2025-11-26 01:19:47.501814,38.14537162162293,0,500
2025-11-26 01:19:57.501814,38.08967717717849,0,500
2025-11-26 01:20:07.501814,38.033982732734046,0,500
2025-11-26 01:20:17.501814,37.978288288289605,0,500
2025-11-26 01:20:27.501814,37.922593843845156,0,500
2025-11-26 01:20:37.501814,37.866899399400715,0,500
2025-11-26 01:20:47.501814,37.811204954956274,0,500
2025-11-26 01:20:57.501814,37.75321696696828,1,500
2025-11-26 01:21:07.501814,37.695228978980296,1,500
2025-11-26 01:21:17.501814,37.63724099099231,1,500
2025-11-26 01:21:27.501814,37.57925300300432,1,500
2025-11-26 01:21:37.501814,37.52355855855988,0,500
2025-11-26 01:21:47.501814,37.467864114115436,0,500
2025-11-26 01:21:57.501814,37.412169669670995,0,500
2025-11-26 01:22:07.501814,37.354181681683,1,500
2025-11-26 01:22:17.501814,37.29619369369501,1,500
2025-11-26 01:22:27.501814,37.238205705707024,1,500
2025-11-26 01:22:37.501814,37.18251126126258,0,500
2025-11-26 01:22:47.501814,37.126816816818135,0,500
2025-11-26 01:22:57.501814,37.071122372373694,0,500
2025-11-26 01:23:07.501814,37.01542792792925,0,500
2025-11-26 01:23:17.501814,36.95973348348481,0,500
2025-11-26 01:23:27.501814,36.90403903904036,0,500
2025-11-26 01:23:37.501814,36.84834459459592,0,500
2025-11-26 01:23:47.501814,36.79265015015148,0,500
2025-11-26 01:23:57.501814,36.73695570570704,0,500
2025-11-26 01:24:07.501814,36.68126126126259,0,500
2025-11-26 01:24:17.501814,36.62556681681816,0,500
2025-11-26 01:24:27.501814,36.569872372373716,0,500
2025-11-26 01:24:37.501814,36.51417792792927,0,500
2025-11-26 01:24:47.501814,36.45848348348483,0,500
2025-11-26 01:24:57.501814,36.402789039040385,0,500
2025-11-26 01:25:07.501814,36.347094594595944,0,500
2025-11-26 01:25:17.501814,36.291400150151496,0,500
2025-11-26 01:25:27.501814,36.235705705707055,0,500
2025-11-26 01:25:37.501814,36.180011261262614,0,500
2025-11-26 01:25:47.501814,36.12431681681817,0,500
2025-11-26 01:25:57.501814,36.068622372373724,0,500
2025-11-26 01:26:07.501814,36.01292792792928,0,500
2025-11-26 01:26:17.501814,35.95723348348484,0,500
2025-11-26 01:26:27.501814,35.9015390390404,0,500
2025-11-26 01:26:37.501814,35.84584459459595,0,500
2025-11-26 01:26:47.501814,35.79015015015151,0,500
2025-11-26 01:26:57.501814,35.73445570570707,0,500
2025-11-26 01:27:07.501814,35.67876126126263,0,500
2025-11-26 01:27:17.501814,35.62306681681818,0,500
2025-11-26 01:27:27.501814,35.56737237237374,0,500
2025-11-26 01:27:37.501814,35.5116779279293,0,500
2025-11-26 01:27:47.501814,35.45598348348486,0,500
2025-11-26 01:27:57.501814,35.40028903904041,0,500
2025-11-26 01:28:07.501814,35.344594594595975,0,500
2025-11-26 01:28:17.501814,35.288900150151534,0,500
2025-11-26 01:28:27.501814,35.233205705707086,0,500
2025-11-26 01:28:37.501814,35.177511261262644,0,500
2025-11-26 01:28:47.501814,35.1218168168182,0,500
2025-11-26 01:28:57.501814,35.06612237237376,0,500
2025-11-26 01:29:07.501814,35.010427927929314,0,500
2025-11-26 01:29:17.501814,34.95473348348487,0,500
2025-11-26 01:29:27.501814,34.89903903904043,0,500
2025-11-26 01:29:37.501814,34.84334459459599,0,500
2025-11-26 01:29:47.501814,34.78765015015154,0,500
2025-11-26 01:29:57.501814,34.72966216216356,1,500
2025-11-26 01:30:07.501814,34.671674174175564,1,500
2025-11-26 01:30:17.501814,34.61368618618758,1,500
2025-11-26 01:30:27.501814,34.555698198199586,1,500
2025-11-26 01:30:37.501814,34.497710210211594,1,500
2025-11-26 01:30:47.501814,34.43972222222361,1,500
2025-11-26 01:30:57.501814,34.38173423423562,1,500
2025-11-26 01:31:07.501814,34.32374624624763,1,500
2025-11-26 01:31:17.501814,34.265758258259645,1,500
2025-11-26 01:31:27.501814,34.20777027027165,1,500
2025-11-26 01:31:37.501814,34.14978228228367,1,500
2025-11-26 01:31:47.501814,34.091794294295674,1,500
2025-11-26 01:31:57.501814,34.03609984985123,0,500
2025-11-26 01:32:07.501814,33.97811186186324,1,500
2025-11-26 01:32:17.501814,33.920123873875255,1,500
2025-11-26 01:32:27.501814,33.86213588588726,1,500
2025-11-26 01:32:37.501814,33.80414789789927,1,500
2025-11-26 01:32:47.501814,33.746159909911285,1,500
2025-11-26 01:32:57.501814,33.68817192192329,1,500
2025-11-26 01:33:07.501814,33.63247747747886,0,500
2025-11-26 01:33:17.501814,33.57678303303441,0,500
2025-11-26 01:33:27.501814,33.52108858858997,0,500
2025-11-26 01:33:37.501814,33.46539414414553,0,500
2025-11-26 01:33:47.501814,33.409699699701086,0,500
2025-11-26 01:33:57.501814,33.35400525525664,0,500
2025-11-26 01:34:07.501814,33.2983108108122,0,500
2025-11-26 01:34:17.501814,33.242616366367756,0,500
2025-11-26 01:34:27.501814,33.186921921923314,0,500
2025-11-26 01:34:37.501814,33.131227477478866,0,500
2025-11-26 01:34:47.501814,33.075533033034425,0,500
2025-11-26 01:34:57.501814,33.019838588589984,0,500
2025-11-26 01:35:07.501814,32.96414414414554,0,500
2025-11-26 01:35:17.501814,32.908449699701094,0,500
2025-11-26 01:35:27.501814,32.85275525525665,0,500
2025-11-26 01:35:37.501814,32.79706081081221,0,500
2025-11-26 01:35:47.501814,32.74136636636777,0,500
2025-11-26 01:35:57.501814,32.68567192192332,0,500
2025-11-26 01:36:07.501814,32.62997747747888,0,500
2025-11-26 01:36:17.501814,32.57428303303444,0,500
2025-11-26 01:36:27.501814,32.51858858859,0,500
2025-11-26 01:36:37.501814,32.46289414414555,0,500
2025-11-26 01:36:47.501814,32.40719969970111,0,500
2025-11-26 01:36:57.501814,32.351505255256676,0,500
2025-11-26 01:37:07.501814,32.29581081081223,0,500
2025-11-26 01:37:17.501814,32.240116366367786,0,500
2025-11-26 01:37:27.501814,32.184421921923345,0,500
2025-11-26 01:37:37.501814,32.128727477478904,0,500
2025-11-26 01:37:47.501814,32.07303303303446,0,500
2025-11-26 01:37:57.501814,32.017338588590015,0,500
2025-11-26 01:38:07.501814,31.961644144145573,0,500
2025-11-26 01:38:17.501814,31.905949699701132,0,500
2025-11-26 01:38:27.501814,31.850255255256688,0,500
2025-11-26 01:38:37.501814,31.794560810812243,0,500
2025-11-26 01:38:47.501814,31.7388663663678,0,500
2025-11-26 01:38:57.501814,31.68317192192336,0,500
2025-11-26 01:39:07.501814,31.627477477478916,0,500
2025-11-26 01:39:17.501814,31.57178303303447,0,500
2025-11-26 01:39:27.501814,31.51608858859003,0,500
2025-11-26 01:39:37.501814,31.46039414414559,0,500
2025-11-26 01:39:47.501814,31.404699699701144,0,500
2025-11-26 01:39:57.501814,31.3490052552567,0,500
2025-11-26 01:40:07.501814,31.293310810812258,0,500
2025-11-26 01:40:17.501814,31.237616366367817,0,500
2025-11-26 01:40:27.501814,31.181921921923372,0,500
2025-11-26 01:40:37.501814,31.126227477478928,0,500
2025-11-26 01:40:47.501814,31.070533033034494,0,500
2025-11-26 01:40:57.501814,31.01483858859005,0,500
2025-11-26 01:41:07.501814,30.959144144145608,0,500
2025-11-26 01:41:17.501814,30.903449699701163,0,500
2025-11-26 01:41:27.501814,30.847755255256722,0,500
2025-11-26 01:41:37.501814,30.792060810812277,0,500
2025-11-26 01:41:47.501814,30.73636636636783,0,500
2025-11-26 01:41:57.501814,30.680671921923384,0,500
2025-11-26 01:42:07.501814,30.624977477478936,0,500
2025-11-26 01:42:17.501814,30.569283033034488,0,500
2025-11-26 01:42:27.501814,30.513588588590046,0,500
2025-11-26 01:42:37.501814,30.457894144145598,0,500
2025-11-26 01:42:47.501814,30.402199699701153,0,500
2025-11-26 01:42:57.501814,30.346505255256705,0,500
2025-11-26 01:43:07.501814,30.290810810812264,0,500
2025-11-26 01:43:17.501814,30.235116366367816,0,500
2025-11-26 01:43:27.501814,30.179421921923367,0,500
2025-11-26 01:43:37.501814,30.123727477478923,0,500
2025-11-26 01:43:47.501814,30.068033033034474,0,500
2025-11-26 01:43:57.501814,30.012338588590033,0,500
2025-11-26 01:44:07.501814,29.956644144145585,0,500
2025-11-26 01:44:17.501814,29.90094969970114,0,500
2025-11-26 01:44:27.501814,29.845255255256692,0,500
2025-11-26 01:44:37.501814,29.789560810812244,0,500
2025-11-26 01:44:47.501814,29.7338663663678,0,500
2025-11-26 01:44:57.501814,29.67817192192335,0,500
2025-11-26 01:45:07.501814,29.62247747747891,0,500
2025-11-26 01:45:17.501814,29.56678303303446,0,500
2025-11-26 01:45:27.501814,29.511088588590017,0,500
2025-11-26 01:45:37.501814,29.45539414414557,0,500
2025-11-26 01:45:47.501814,29.39969969970112,0,500
2025-11-26 01:45:57.501814,29.34400525525668,0,500
2025-11-26 01:46:07.501814,29.28831081081223,0,500
2025-11-26 01:46:17.501814,29.232616366367786,0,500
2025-11-26 01:46:27.501814,29.176921921923338,0,500
2025-11-26 01:46:37.501814,29.121227477478897,0,500
2025-11-26 01:46:47.501814,29.065533033034445,0,500
2025-11-26 01:46:57.501814,29.009838588589997,0,500
2025-11-26 01:47:07.501814,28.954144144145555,0,500
2025-11-26 01:47:17.501814,28.898449699701107,0,500
2025-11-26 01:47:27.501814,28.842755255256662,0,500
2025-11-26 01:47:37.501814,28.787060810812214,0,500
2025-11-26 01:47:47.501814,28.729072822824225,1,500
2025-11-26 01:47:57.501814,28.671084834836236,1,500
2025-11-26 01:48:07.501814,28.613096846848247,1,500
2025-11-26 01:48:17.501814,28.555108858860258,1,500
2025-11-26 01:48:27.501814,28.499414414415813,0,500
2025-11-26 01:48:37.501814,28.443719969971365,0,500
2025-11-26 01:48:47.501814,28.38802552552692,0,500
2025-11-26 01:48:57.501814,28.332331081082472,0,500
2025-11-26 01:49:07.501814,28.27663663663803,0,500
2025-11-26 01:49:17.501814,28.220942192193583,0,500
2025-11-26 01:49:27.501814,28.165247747749135,0,500
2025-11-26 01:49:37.501814,28.10725975976115,1,500
2025-11-26 01:49:47.501814,28.04927177177316,1,500
2025-11-26 01:49:57.501814,27.99128378378517,1,500
2025-11-26 01:50:07.501814,27.933295795797182,1,500
2025-11-26 01:50:17.501814,27.87530780780919,1,500
2025-11-26 01:50:27.501814,27.8173198198212,1,500
2025-11-26 01:50:37.501814,27.75933183183321,1,500
2025-11-26 01:50:47.501814,27.703637387388763,0,500
2025-11-26 01:50:57.501814,27.64794294294432,0,500
2025-11-26 01:51:07.501814,27.59224849849987,0,500
2025-11-26 01:51:17.501814,27.53655405405543,0,500
2025-11-26 01:51:27.501814,27.48085960961098,0,500
2025-11-26 01:51:37.501814,27.425165165166536,0,500
2025-11-26 01:51:47.501814,27.369470720722088,0,500
2025-11-26 01:51:57.501814,27.31377627627764,0,500
2025-11-26 01:52:07.501814,27.2580818318332,0,500
2025-11-26 01:52:17.501814,27.20238738738875,0,500
2025-11-26 01:52:27.501814,27.146692942944306,0,500
2025-11-26 01:52:37.501814,27.090998498499857,0,500
2025-11-26 01:52:47.501814,27.035304054055416,0,500
2025-11-26 01:52:57.501814,26.977316066067424,1,500
2025-11-26 01:53:07.501814,26.919328078079435,1,500
2025-11-26 01:53:17.501814,26.861340090091446,1,500
2025-11-26 01:53:27.501814,26.803352102103457,1,500
2025-11-26 01:53:37.501814,26.745364114115468,1,500
2025-11-26 01:53:47.501814,26.687376126127475,1,500
2025-11-26 01:53:57.501814,26.629388138139486,1,500
2025-11-26 01:54:07.501814,26.571400150151497,1,500
2025-11-26 01:54:17.501814,26.515705705707056,0,500
2025-11-26 01:54:27.501814,26.460011261262608,0,500
2025-11-26 01:54:37.501814,26.404316816818163,0,500
2025-11-26 01:54:47.501814,26.348622372373715,0,500
2025-11-26 01:54:57.501814,26.292927927929266,0,500
2025-11-26 01:55:07.501814,26.23723348348482,0,500
2025-11-26 01:55:17.501814,26.181539039040373,0,500
2025-11-26 01:55:27.501814,26.125844594595932,0,500
2025-11-26 01:55:37.501814,26.070150150151484,0,500
2025-11-26 01:55:47.501814,26.01445570570704,0,500
2025-11-26 01:55:57.501814,25.95876126126259,0,500
2025-11-26 01:56:07.501814,25.903066816818143,0,500
2025-11-26 01:56:17.501814,25.8473723723737,0,500
2025-11-26 01:56:27.501814,25.791677927929253,0,500
2025-11-26 01:56:37.501814,25.73598348348481,0,500
2025-11-26 01:56:47.501814,25.68028903904036,0,500
2025-11-26 01:56:57.501814,25.62459459459592,0,500
2025-11-26 01:57:07.501814,25.566606606607927,1,500
2025-11-26 01:57:17.501814,25.508618618619938,1,500
2025-11-26 01:57:27.501814,25.45063063063195,1,500
2025-11-26 01:57:37.501814,25.39264264264396,1,500
2025-11-26 01:57:47.501814,25.33465465465597,1,500
2025-11-26 01:57:57.501814,25.27666666666798,1,500
2025-11-26 01:58:07.501814,25.220972222223537,0,500
2025-11-26 01:58:17.501814,25.16527777777909,0,500
2025-11-26 01:58:27.501814,25.10958333333464,0,500
2025-11-26 01:58:37.501814,25.053888888890196,0,500
2025-11-26 01:58:47.501814,24.998194444445748,0,500
2025-11-26 01:58:57.501814,24.942500000001303,0,500
2025-11-26 01:59:07.501814,24.886805555556858,0,500
2025-11-26 01:59:17.501814,24.83111111111241,0,500
2025-11-26 01:59:27.501814,24.775416666667965,0,500
2025-11-26 01:59:37.501814,24.71972222222352,0,500
2025-11-26 01:59:47.501814,24.664027777779076,0,500
2025-11-26 01:59:57.501814,24.608333333334624,0,500
2025-11-26 02:00:07.501814,24.55263888889018,0,500
2025-11-26 02:00:17.501814,24.496944444445734,0,500
2025-11-26 02:00:27.501814,24.44125000000129,0,500
2025-11-26 02:00:37.501814,24.38555555555684,0,500
2025-11-26 02:00:47.501814,24.329861111112397,0,500
2025-11-26 02:00:57.501814,24.274166666667952,0,500
2025-11-26 02:01:07.501814,24.218472222223504,0,500
2025-11-26 02:01:17.501814,24.162777777779056,0,500
2025-11-26 02:01:27.501814,24.10708333333461,0,500
2025-11-26 02:01:37.501814,24.051388888890166,0,500
2025-11-26 02:01:47.501814,23.99569444444572,0,500
2025-11-26 02:01:57.501814,23.940000000001273,0,500
2025-11-26 02:02:07.501814,23.88430555555683,0,500
2025-11-26 02:02:17.501814,23.82861111111238,0,500
2025-11-26 02:02:27.501814,23.772916666667935,0,500
2025-11-26 02:02:37.501814,23.717222222223487,0,500
2025-11-26 02:02:47.501814,23.661527777779042,0,500
2025-11-26 02:02:57.501814,23.605833333334598,0,500
2025-11-26 02:03:07.501814,23.550138888890153,0,500
2025-11-26 02:03:17.501814,23.494444444445705,0,500
2025-11-26 02:03:27.501814,23.438750000001257,0,500
2025-11-26 02:03:37.501814,23.383055555556812,0,500
2025-11-26 02:03:47.501814,23.327361111112367,0,500
2025-11-26 02:03:57.501814,23.27166666666792,0,500
2025-11-26 02:04:07.501814,23.215972222223474,0,500
2025-11-26 02:04:17.501814,23.16027777777903,0,500
2025-11-26 02:04:27.501814,23.10228978979104,1,500
2025-11-26 02:04:37.501814,23.044301801803048,1,500
2025-11-26 02:04:47.501814,22.98631381381506,1,500
2025-11-26 02:04:57.501814,22.92832582582707,1,500
2025-11-26 02:05:07.501814,22.870337837839084,1,500
2025-11-26 02:05:17.501814,22.812349849851092,1,500
2025-11-26 02:05:27.501814,22.756655405406647,0,500
2025-11-26 02:05:37.501814,22.7009609609622,0,500
2025-11-26 02:05:47.501814,22.645266516517754,0,500
2025-11-26 02:05:57.501814,22.58957207207331,0,500
2025-11-26 02:06:07.501814,22.53387762762886,0,500
2025-11-26 02:06:17.501814,22.478183183184417,0,500
2025-11-26 02:06:27.501814,22.422488738739972,0,500
2025-11-26 02:06:37.501814,22.366794294295524,0,500
2025-11-26 02:06:47.501814,22.311099849851075,0,500
2025-11-26 02:06:57.501814,22.25540540540663,0,500
2025-11-26 02:07:07.501814,22.199710960962186,0,500
2025-11-26 02:07:17.501814,22.144016516517738,0,500
2025-11-26 02:07:27.501814,22.088322072073293,0,500
2025-11-26 02:07:37.501814,22.030334084085304,1,500
2025-11-26 02:07:47.501814,21.972346096097315,1,500
2025-11-26 02:07:57.501814,21.914358108109326,1,500
2025-11-26 02:08:07.501814,21.856370120121337,1,500
2025-11-26 02:08:17.501814,21.80067567567689,0,500
2025-11-26 02:08:27.501814,21.744981231232444,0,500
2025-11-26 02:08:37.501814,21.689286786788,0,500
2025-11-26 02:08:47.501814,21.63359234234355,0,500
2025-11-26 02:08:57.501814,21.577897897899106,0,500
2025-11-26 02:09:07.501814,21.52220345345466,0,500
2025-11-26 02:09:17.501814,21.466509009010217,0,500
2025-11-26 02:09:27.501814,21.410814564565765,0,500
2025-11-26 02:09:37.501814,21.35512012012132,0,500
2025-11-26 02:09:47.501814,21.299425675676876,0,500
2025-11-26 02:09:57.501814,21.24373123123243,0,500
2025-11-26 02:10:07.501814,21.188036786787983,0,500
2025-11-26 02:10:17.501814,21.132342342343538,0,500
2025-11-26 02:10:27.501814,21.076647897899093,0,500
2025-11-26 02:10:37.501814,21.020953453454645,0,500
2025-11-26 02:10:47.501814,20.965259009010197,0,500
2025-11-26 02:10:57.501814,20.909564564565752,0,500
2025-11-26 02:11:07.501814,20.853870120121307,0,500
2025-11-26 02:11:17.501814,20.798175675676863,0,500
2025-11-26 02:11:27.501814,20.742481231232414,0,500
2025-11-26 02:11:37.501814,20.68678678678797,0,500
2025-11-26 02:11:47.501814,20.62879879879998,1,500
2025-11-26 02:11:57.501814,20.57081081081199,1,500
2025-11-26 02:12:07.501814,20.512822822824,1,500
2025-11-26 02:12:17.501814,20.45483483483601,1,500
2025-11-26 02:12:27.501814,20.39684684684802,1,500
2025-11-26 02:12:37.501814,20.338858858860036,1,500
2025-11-26 02:12:47.501814,20.280870870872043,1,500
2025-11-26 02:12:57.501814,20.2251764264276,0,500
2025-11-26 02:13:07.501814,20.16948198198315,0,500
2025-11-26 02:13:17.501814,20.113787537538705,0,500
2025-11-26 02:13:27.501814,20.05809309309426,0,500
2025-11-26 02:13:37.501814,20.002398648649812,0,500
2025-11-26 02:13:47.501814,19.946704204205368,0,500
2025-11-26 02:13:57.501814,19.891009759760923,0,500
2025-11-26 02:14:07.501814,19.835315315316475,0,500
2025-11-26 02:14:17.501814,19.779620870872026,0,500
2025-11-26 02:14:27.501814,19.72392642642758,0,500
2025-11-26 02:14:37.501814,19.668231981983137,0,500
2025-11-26 02:14:47.501814,19.612537537538692,0,500
2025-11-26 02:14:57.501814,19.556843093094244,0,500
2025-11-26 02:15:07.501814,19.5011486486498,0,500
2025-11-26 02:15:17.501814,19.445454204205355,0,500
2025-11-26 02:15:27.501814,19.389759759760906,0,500
2025-11-26 02:15:37.501814,19.334065315316458,0,500
2025-11-26 02:15:47.501814,19.278370870872013,0,500
2025-11-26 02:15:57.501814,19.22267642642757,0,500
2025-11-26 02:16:07.501814,19.16698198198312,0,500
2025-11-26 02:16:17.501814,19.111287537538676,0,500
2025-11-26 02:16:27.501814,19.05559309309423,0,500
2025-11-26 02:16:37.501814,18.999898648649783,0,500
2025-11-26 02:16:47.501814,18.944204204205338,0,500
2025-11-26 02:16:57.501814,18.88850975976089,0,500
2025-11-26 02:17:07.501814,18.832815315316445,0,500
2025-11-26 02:17:17.501814,18.777120870872,0,500
2025-11-26 02:17:27.501814,18.721426426427552,0,500
2025-11-26 02:17:37.501814,18.665731981983107,0,500
2025-11-26 02:17:47.501814,18.61003753753866,0,500
2025-11-26 02:17:57.501814,18.554343093094214,0,500
2025-11-26 02:18:07.501814,18.49864864864977,0,500
2025-11-26 02:18:17.501814,18.44295420420532,0,500
2025-11-26 02:18:27.501814,18.387259759760877,0,500
2025-11-26 02:18:37.501814,18.331565315316432,0,500
2025-11-26 02:18:47.501814,18.275870870871984,0,500
2025-11-26 02:18:57.501814,18.220176426427535,0,500
2025-11-26 02:19:07.501814,18.16448198198309,0,500
2025-11-26 02:19:17.501814,18.108787537538646,0,500
2025-11-26 02:19:27.501814,18.0530930930942,0,500
2025-11-26 02:19:37.501814,17.997398648649753,0,500
2025-11-26 02:19:47.501814,17.94170420420531,0,500
2025-11-26 02:19:57.501814,17.88600975976086,0,500
2025-11-26 02:20:07.501814,17.830315315316415,0,500
2025-11-26 02:20:17.501814,17.774620870871967,0,500
2025-11-26 02:20:27.501814,17.718926426427522,0,500
2025-11-26 02:20:37.501814,17.663231981983078,0,500
2025-11-26 02:20:47.501814,17.607537537538633,0,500
2025-11-26 02:20:57.501814,17.551843093094185,0,500
2025-11-26 02:21:07.501814,17.496148648649736,0,500
2025-11-26 02:21:17.501814,17.44045420420529,0,500
2025-11-26 02:21:27.501814,17.384759759760847,0,500
2025-11-26 02:21:37.501814,17.3290653153164,0,500
2025-11-26 02:21:47.501814,17.273370870871954,0,500
2025-11-26 02:21:57.501814,17.21767642642751,0,500
2025-11-26 02:22:07.501814,17.16198198198306,0,500
2025-11-26 02:22:17.501814,17.106287537538613,0,500
2025-11-26 02:22:27.501814,17.050593093094168,0,500
2025-11-26 02:22:37.501814,16.994898648649723,0,500
2025-11-26 02:22:47.501814,16.93920420420528,0,500
2025-11-26 02:22:57.501814,16.88350975976083,0,500
2025-11-26 02:23:07.501814,16.827815315316386,0,500
2025-11-26 02:23:17.501814,16.77212087087194,0,500
2025-11-26 02:23:27.501814,16.716426426427493,0,500
2025-11-26 02:23:37.501814,16.660731981983044,0,500
2025-11-26 02:23:47.501814,16.6050375375386,0,500
2025-11-26 02:23:57.501814,16.549343093094155,0,500
2025-11-26 02:24:07.501814,16.49364864864971,0,500
2025-11-26 02:24:17.501814,16.437954204205262,0,500
2025-11-26 02:24:27.501814,16.382259759760817,0,500
2025-11-26 02:24:37.501814,16.32656531531637,0,500
2025-11-26 02:24:47.501814,16.270870870871924,0,500
2025-11-26 02:24:57.501814,16.215176426427476,0,500
2025-11-26 02:25:07.501814,16.15948198198303,0,500
2025-11-26 02:25:17.501814,16.103787537538587,0,500
2025-11-26 02:25:27.501814,16.04809309309414,0,500
2025-11-26 02:25:37.501814,15.992398648649694,0,500
2025-11-26 02:25:47.501814,15.934410660661705,1,500
2025-11-26 02:25:57.501814,15.876422672673716,1,500
2025-11-26 02:26:07.501814,15.818434684685725,1,500
2025-11-26 02:26:17.501814,15.760446696697736,1,500
2025-11-26 02:26:27.501814,15.702458708709747,1,500
2025-11-26 02:26:37.501814,15.6467642642653,0,500
2025-11-26 02:26:47.501814,15.591069819820854,0,500
2025-11-26 02:26:57.501814,15.53537537537641,0,500
2025-11-26 02:27:07.501814,15.479680930931963,0,500
2025-11-26 02:27:17.501814,15.423986486487518,0,500
2025-11-26 02:27:27.501814,15.368292042043072,0,500
2025-11-26 02:27:37.501814,15.312597597598629,0,500
2025-11-26 02:27:47.501814,15.256903153154184,0,500
2025-11-26 02:27:57.501814,15.201208708709741,0,500
2025-11-26 02:28:07.501814,15.145514264265294,0,500
2025-11-26 02:28:17.501814,15.089819819820852,0,500
2025-11-26 02:28:27.501814,15.034125375376405,0,500
2025-11-26 02:28:37.501814,14.978430930931964,0,500
2025-11-26 02:28:47.501814,14.922736486487517,0,500
2025-11-26 02:28:57.501814,14.867042042043071,0,500
2025-11-26 02:29:07.501814,14.811347597598628,0,500
2025-11-26 02:29:17.501814,14.755653153154183,0,500
2025-11-26 02:29:27.501814,14.69995870870974,0,500
2025-11-26 02:29:37.501814,14.644264264265294,0,500
2025-11-26 02:29:47.501814,14.58856981982085,0,500
2025-11-26 02:29:57.501814,14.532875375376406,0,500
2025-11-26 02:30:07.501814,14.477180930931963,0,500
2025-11-26 02:30:17.501814,14.421486486487517,0,500
2025-11-26 02:30:27.501814,14.365792042043074,0,500
2025-11-26 02:30:37.501814,14.310097597598629,0,500
2025-11-26 02:30:47.501814,14.254403153154186,0,500
2025-11-26 02:30:57.501814,14.196415165166195,1,500
2025-11-26 02:31:07.501814,14.138427177178208,1,500
2025-11-26 02:31:17.501814,14.080439189190223,1,500
2025-11-26 02:31:27.501814,14.022451201202236,1,500
2025-11-26 02:31:37.501814,13.964463213214248,1,500
2025-11-26 02:31:47.501814,13.90647522522626,1,500
2025-11-26 02:31:57.501814,13.848487237238272,1,500
2025-11-26 02:32:07.501814,13.790499249250285,1,500
2025-11-26 02:32:17.501814,13.732511261262298,1,500
2025-11-26 02:32:27.501814,13.674523273274309,1,500
2025-11-26 02:32:37.501814,13.616535285286322,1,500
2025-11-26 02:32:47.501814,13.558547297298334,1,500
2025-11-26 02:32:57.501814,13.500559309310347,1,500
2025-11-26 02:33:07.501814,13.444864864865902,0,500
2025-11-26 02:33:17.501814,13.38917042042146,0,500
2025-11-26 02:33:27.501814,13.333475975977013,0,500
2025-11-26 02:33:37.501814,13.27778153153257,0,500
2025-11-26 02:33:47.501814,13.222087087088125,0,500
2025-11-26 02:33:57.501814,13.166392642643682,0,500
2025-11-26 02:34:07.501814,13.110698198199236,0,500
2025-11-26 02:34:17.501814,13.055003753754793,0,500
2025-11-26 02:34:27.501814,12.999309309310348,0,500
2025-11-26 02:34:37.501814,12.943614864865904,0,500
2025-11-26 02:34:47.501814,12.887920420421459,0,500
2025-11-26 02:34:57.501814,12.832225975977012,0,500
2025-11-26 02:35:07.501814,12.77653153153257,0,500
2025-11-26 02:35:17.501814,12.720837087088125,0,500
2025-11-26 02:35:27.501814,12.665142642643682,0,500
2025-11-26 02:35:37.501814,12.607154654655695,1,500
2025-11-26 02:35:47.501814,12.549166666667706,1,500
2025-11-26 02:35:57.501814,12.491178678679718,1,500
2025-11-26 02:36:07.501814,12.433190690691731,1,500
2025-11-26 02:36:17.501814,12.375202702703744,1,500
2025-11-26 02:36:27.501814,12.317214714715757,1,500
2025-11-26 02:36:37.501814,12.25922672672777,1,500
2025-11-26 02:36:47.501814,12.20123873873978,1,500
2025-11-26 02:36:57.501814,12.143250750751793,1,500
2025-11-26 02:37:07.501814,12.085262762763806,1,500
2025-11-26 02:37:17.501814,12.027274774775819,1,500
2025-11-26 02:37:27.501814,11.971580330331374,0,500
2025-11-26 02:37:37.501814,11.91588588588693,0,500
2025-11-26 02:37:47.501814,11.860191441442486,0,500
2025-11-26 02:37:57.501814,11.804496996998042,0,500
2025-11-26 02:38:07.501814,11.748802552553597,0,500
2025-11-26 02:38:17.501814,11.693108108109152,0,500
2025-11-26 02:38:27.501814,11.63741366366471,0,500
2025-11-26 02:38:37.501814,11.581719219220263,0,500
2025-11-26 02:38:47.501814,11.526024774775818,0,500
2025-11-26 02:38:57.501814,11.470330330331374,0,500
2025-11-26 02:39:07.501814,11.412342342343388,1,500
2025-11-26 02:39:17.501814,11.3543543543554,1,500
2025-11-26 02:39:27.501814,11.296366366367412,1,500
2025-11-26 02:39:37.501814,11.238378378379425,1,500
2025-11-26 02:39:47.501814,11.180390390391437,1,500
2025-11-26 02:39:57.501814,11.12240240240345,1,500
2025-11-26 02:40:07.501814,11.064414414415461,1,500
2025-11-26 02:40:17.501814,11.006426426427476,1,500
2025-11-26 02:40:27.501814,10.948438438439487,1,500
2025-11-26 02:40:37.501814,10.8904504504515,1,500
2025-11-26 02:40:47.501814,10.834756006007055,0,500
2025-11-26 02:40:57.501814,10.779061561562612,0,500
2025-11-26 02:41:07.501814,10.723367117118167,0,500
2025-11-26 02:41:17.501814,10.665379129130178,1,500
2025-11-26 02:41:27.501814,10.607391141142191,1,500
2025-11-26 02:41:37.501814,10.549403153154206,1,500
2025-11-26 02:41:47.501814,10.491415165166217,1,500
2025-11-26 02:41:57.501814,10.435720720721772,0,500
2025-11-26 02:42:07.501814,10.380026276277327,0,500
2025-11-26 02:42:17.501814,10.324331831832884,0,500
2025-11-26 02:42:27.501814,10.26863738738844,0,500
2025-11-26 02:42:37.501814,10.212942942943995,0,500
2025-11-26 02:42:47.501814,10.15724849849955,0,500
2025-11-26 02:42:57.501814,10.101554054055107,0,500
2025-11-26 02:43:07.501814,10.045859609610662,0,500
2025-11-26 02:43:17.501814,9.990165165166218,0,500
2025-11-26 02:43:27.501814,9.934470720721773,0,500
2025-11-26 02:43:37.501814,9.878776276277328,0,500
2025-11-26 02:43:47.501814,9.823081831832884,0,500
2025-11-26 02:43:57.501814,9.767387387388439,0,500
2025-11-26 02:44:07.501814,9.711692942943994,0,500
2025-11-26 02:44:17.501814,9.65599849849955,0,500
2025-11-26 02:44:27.501814,9.600304054055107,0,500
2025-11-26 02:44:37.501814,9.544609609610662,0,500
2025-11-26 02:44:47.501814,9.488915165166217,0,500
2025-11-26 02:44:57.501814,9.433220720721772,0,500
2025-11-26 02:45:07.501814,9.37752627627733,0,500
2025-11-26 02:45:17.501814,9.321831831832885,0,500
2025-11-26 02:45:27.501814,9.26613738738844,0,500
2025-11-26 02:45:37.501814,9.210442942943995,0,500
2025-11-26 02:45:47.501814,9.15474849849955,0,500
2025-11-26 02:45:57.501814,9.099054054055108,0,500
2025-11-26 02:46:07.501814,9.043359609610663,0,500
2025-11-26 02:46:17.501814,8.987665165166218,0,500
2025-11-26 02:46:27.501814,8.931970720721774,0,500
2025-11-26 02:46:37.501814,8.876276276277329,0,500
2025-11-26 02:46:47.501814,8.820581831832884,0,500
2025-11-26 02:46:57.501814,8.76488738738844,0,500
2025-11-26 02:47:07.501814,8.709192942943995,0,500
2025-11-26 02:47:17.501814,8.653498498499552,0,500
2025-11-26 02:47:27.501814,8.597804054055107,0,500
2025-11-26 02:47:37.501814,8.542109609610662,0,500
2025-11-26 02:47:47.501814,8.486415165166218,0,500
2025-11-26 02:47:57.501814,8.430720720721773,0,500
2025-11-26 02:48:07.501814,8.37502627627733,0,500
2025-11-26 02:48:17.501814,8.319331831832885,0,500
2025-11-26 02:48:27.501814,8.26363738738844,0,500
2025-11-26 02:48:37.501814,8.207942942943996,0,500
2025-11-26 02:48:47.501814,8.152248498499553,0,500
2025-11-26 02:48:57.501814,8.096554054055108,0,500
2025-11-26 02:49:07.501814,8.040859609610663,0,500
2025-11-26 02:49:17.501814,7.985165165166219,0,500
2025-11-26 02:49:27.501814,7.929470720721773,0,500
2025-11-26 02:49:37.501814,7.873776276277329,0,500
2025-11-26 02:49:47.501814,7.818081831832885,0,500
2025-11-26 02:49:57.501814,7.762387387388441,0,500
2025-11-26 02:50:07.501814,7.706692942943996,0,500
2025-11-26 02:50:17.501814,7.650998498499552,0,500
2025-11-26 02:50:27.501814,7.595304054055108,0,500
2025-11-26 02:50:37.501814,7.539609609610663,0,500
2025-11-26 02:50:47.501814,7.483915165166219,0,500
2025-11-26 02:50:57.501814,7.428220720721774,0,500
2025-11-26 02:51:07.501814,7.3725262762773305,0,500
2025-11-26 02:51:17.501814,7.316831831832886,0,500
2025-11-26 02:51:27.501814,7.261137387388442,0,500
2025-11-26 02:51:37.501814,7.205442942943997,0,500
2025-11-26 02:51:47.501814,7.149748498499553,0,500
2025-11-26 02:51:57.501814,7.094054054055109,0,500
2025-11-26 02:52:07.501814,7.038359609610664,0,500
2025-11-26 02:52:17.501814,6.98266516516622,0,500
2025-11-26 02:52:27.501814,6.9269707207217746,0,500
2025-11-26 02:52:37.501814,6.87127627627733,0,500
2025-11-26 02:52:47.501814,6.815581831832886,0,500
2025-11-26 02:52:57.501814,6.759887387388441,0,500
2025-11-26 02:53:07.501814,6.704192942943997,0,500
2025-11-26 02:53:17.501814,6.648498498499553,0,500
2025-11-26 02:53:27.501814,6.592804054055108,0,500
2025-11-26 02:53:37.501814,6.537109609610664,0,500
2025-11-26 02:53:47.501814,6.4814151651662195,0,500
2025-11-26 02:53:57.501814,6.425720720721776,0,500
2025-11-26 02:54:07.501814,6.370026276277331,0,500
2025-11-26 02:54:17.501814,6.312038288289343,1,500
2025-11-26 02:54:27.501814,6.254050300301355,1,500
2025-11-26 02:54:37.501814,6.196062312313366,1,500
2025-11-26 02:54:47.501814,6.138074324325378,1,500
2025-11-26 02:54:57.501814,6.080086336337389,1,500
2025-11-26 02:55:07.501814,6.022098348349401,1,500
2025-11-26 02:55:17.501814,5.9641103603614125,1,500
2025-11-26 02:55:27.501814,5.906122372373424,1,500
2025-11-26 02:55:37.501814,5.848134384385436,1,500
2025-11-26 02:55:47.501814,5.790146396397447,1,500
2025-11-26 02:55:57.501814,5.7344519519530035,0,500
2025-11-26 02:56:07.501814,5.678757507508559,0,500
2025-11-26 02:56:17.501814,5.623063063064114,0,500
2025-11-26 02:56:27.501814,5.567368618619669,0,500
2025-11-26 02:56:37.501814,5.5116741741752255,0,500
2025-11-26 02:56:47.501814,5.455979729730781,0,500
2025-11-26 02:56:57.501814,5.400285285286337,0,500
2025-11-26 02:57:07.501814,5.344590840841892,0,500
2025-11-26 02:57:17.501814,5.2888963963974485,0,500
2025-11-26 02:57:27.501814,5.233201951953004,0,500
2025-11-26 02:57:37.501814,5.177507507508559,0,500
2025-11-26 02:57:47.501814,5.121813063064114,0,500
2025-11-26 02:57:57.501814,5.0661186186196705,0,500
2025-11-26 02:58:07.501814,5.010424174175226,0,500
2025-11-26 02:58:17.501814,4.954729729730781,0,500
2025-11-26 02:58:27.501814,4.899035285286337,0,500
2025-11-26 02:58:37.501814,4.8433408408418925,0,500
2025-11-26 02:58:47.501814,4.785352852853904,1,500
2025-11-26 02:58:57.501814,4.727364864865916,1,500
2025-11-26 02:59:07.501814,4.669376876877927,1,500
2025-11-26 02:59:17.501814,4.611388888889939,1,500
2025-11-26 02:59:27.501814,4.553400900901951,1,500
2025-11-26 02:59:37.501814,4.495412912913962,1,500
2025-11-26 02:59:47.501814,4.437424924925974,1,500
2025-11-26 02:59:57.501814,4.38173048048153,0,500
2025-11-26 03:00:07.501814,4.3260360360370855,0,500
2025-11-26 03:00:17.501814,4.270341591592642,0,500
2025-11-26 03:00:27.501814,4.214647147148197,0,500
2025-11-26 03:00:37.501814,4.158952702703752,0,500
2025-11-26 03:00:47.501814,4.103258258259308,0,500
2025-11-26 03:00:57.501814,4.047563813814863,0,500
2025-11-26 03:01:07.501814,3.991869369370419,0,500
2025-11-26 03:01:17.501814,3.9361749249259748,0,500
2025-11-26 03:01:27.501814,3.8804804804815305,0,500
2025-11-26 03:01:37.501814,3.822492492493542,1,500
2025-11-26 03:01:47.501814,3.7645045045055543,1,500
2025-11-26 03:01:57.501814,3.706516516517566,1,500
2025-11-26 03:02:07.501814,3.650822072073122,0,500
2025-11-26 03:02:17.501814,3.5951276276286777,0,500
2025-11-26 03:02:27.501814,3.5394331831842334,0,500
2025-11-26 03:02:37.501814,3.483738738739789,0,500
2025-11-26 03:02:47.501814,3.4280442942953444,0,500
2025-11-26 03:02:57.501814,3.3723498498509,0,500
2025-11-26 03:03:07.501814,3.316655405406456,0,500
2025-11-26 03:03:17.501814,3.2609609609620116,0,500
2025-11-26 03:03:27.501814,3.2029729729740235,1,500
2025-11-26 03:03:37.501814,3.144984984986036,1,500
2025-11-26 03:03:47.501814,3.0869969969980473,1,500
2025-11-26 03:03:57.501814,3.0290090090100596,1,500
2025-11-26 03:04:07.501814,2.9710210210220716,1,500
2025-11-26 03:04:17.501814,2.9153265765776273,0,500
2025-11-26 03:04:27.501814,2.859632132133183,0,500
2025-11-26 03:04:37.501814,2.8039376876887387,0,500
2025-11-26 03:04:47.501814,2.748243243244294,0,500
2025-11-26 03:04:57.501814,2.6925487987998498,0,500
2025-11-26 03:05:07.501814,2.6368543543554055,0,500
2025-11-26 03:05:17.501814,2.5811599099109612,0,500
2025-11-26 03:05:27.501814,2.5254654654665165,0,500
2025-11-26 03:05:37.501814,2.4697710210220722,0,500
2025-11-26 03:05:47.501814,2.4140765765776275,0,500
2025-11-26 03:05:57.501814,2.3583821321331833,0,500
2025-11-26 03:06:07.501814,2.302687687688739,0,500
2025-11-26 03:06:17.501814,2.2469932432442943,0,500
2025-11-26 03:06:27.501814,2.19129879879985,0,500
2025-11-26 03:06:37.501814,2.1356043543554057,0,500
2025-11-26 03:06:47.501814,2.0799099099109615,0,500
2025-11-26 03:06:57.501814,2.0242154654665168,0,500
2025-11-26 03:07:07.501814,1.9685210210220725,0,500
2025-11-26 03:07:17.501814,1.9128265765776282,0,500
2025-11-26 03:07:27.501814,1.8571321321331837,0,500
2025-11-26 03:07:37.501814,1.801437687688739,0,500
2025-11-26 03:07:47.501814,1.7457432432442948,0,500
2025-11-26 03:07:57.501814,1.6900487987998505,0,500
2025-11-26 03:08:07.501814,1.6343543543554062,0,500
2025-11-26 03:08:17.501814,1.5786599099109617,0,500
2025-11-26 03:08:27.501814,1.5229654654665172,0,500
2025-11-26 03:08:37.501814,1.4672710210220727,0,500
2025-11-26 03:08:47.501814,1.4115765765776285,0,500
2025-11-26 03:08:57.501814,1.355882132133184,0,500
2025-11-26 03:09:07.501814,1.3001876876887397,0,500
2025-11-26 03:09:17.501814,1.2444932432442952,0,500
2025-11-26 03:09:27.501814,1.188798798799851,0,500
2025-11-26 03:09:37.501814,1.1331043543554065,0,500
2025-11-26 03:09:47.501814,1.077409909910962,0,500
2025-11-26 03:09:57.501814,1.0217154654665177,0,500
2025-11-26 03:10:07.501814,0.9660210210220732,0,500
2025-11-26 03:10:17.501814,0.9103265765776289,0,500
2025-11-26 03:10:27.501814,0.8546321321331843,0,500
2025-11-26 03:10:37.501814,0.7989376876887401,0,500
2025-11-26 03:10:47.501814,0.7432432432442957,0,500
2025-11-26 03:10:57.501814,0.6875487987998512,0,500
2025-11-26 03:11:07.501814,0.6318543543554068,0,500
2025-11-26 03:11:17.501814,0.5761599099109624,0,500
2025-11-26 03:11:27.501814,0.5181719219229745,1,500
2025-11-26 03:11:37.501814,0.4601839339349864,1,500
2025-11-26 03:11:47.501814,0.4021959459469983,1,500
2025-11-26 03:11:57.501814,0.3442079579590104,1,500
2025-11-26 03:12:07.501814,0.2885135135145659,0,500
2025-11-26 03:12:17.501814,0.2328190690701214,0,500
2025-11-26 03:12:27.501814,0.17712462462567696,0,500
2025-11-26 03:12:37.501814,0.11913663663768899,1,500
2025-11-26 03:12:47.501814,0.061148648649700994,1,500
2025-11-26 03:12:57.501814,0.0031606606617130004,1,500
2025-11-26 03:13:07.501814,0.0,1,500
